day,position,minute,solution,kind,nominal_ug_L,integration_s,counts
1,1,0,std_0,standard,0.0,0.025,1
1,1,0,std_0,standard,0.0,0.1,2
1,1,0,std_0,standard,0.0,0.4,14
1,1,0,std_0,standard,0.0,1.6,49
1,2,4,std_1,standard,1.0,0.025,9
1,2,4,std_1,standard,1.0,0.1,62
1,2,4,std_1,standard,1.0,0.4,186
1,2,4,std_1,standard,1.0,1.6,834
1,3,8,std_2,standard,2.0,0.025,24
1,3,8,std_2,standard,2.0,0.1,88
1,3,8,std_2,standard,2.0,0.4,396
1,3,8,std_2,standard,2.0,1.6,1642
1,4,12,std_5,standard,5.0,0.025,56
1,4,12,std_5,standard,5.0,0.1,224
1,4,12,std_5,standard,5.0,0.4,1036
1,4,12,std_5,standard,5.0,1.6,3785
1,5,16,std_10,standard,10.0,0.025,143
1,5,16,std_10,standard,10.0,0.1,553
1,5,16,std_10,standard,10.0,0.4,1988
1,5,16,std_10,standard,10.0,1.6,7845
1,6,20,cal_blank,cal_blank,0.0,0.025,2
1,6,20,cal_blank,cal_blank,0.0,0.1,4
1,6,20,cal_blank,cal_blank,0.0,0.4,20
1,6,20,cal_blank,cal_blank,0.0,1.6,84
1,7,24,home_03,home,,0.025,43
1,7,24,home_03,home,,0.1,108
1,7,24,home_03,home,,0.4,547
1,7,24,home_03,home,,1.6,2078
1,8,28,home_09,home,,0.025,10
1,8,28,home_09,home,,0.1,45
1,8,28,home_09,home,,0.4,131
1,8,28,home_09,home,,1.6,529
1,9,32,home_05,home,,0.025,55
1,9,32,home_05,home,,0.1,177
1,9,32,home_05,home,,0.4,788
1,9,32,home_05,home,,1.6,3025
1,10,36,blank_2,blank,0.0,0.025,11
1,10,36,blank_2,blank,0.0,0.1,41
1,10,36,blank_2,blank,0.0,0.4,137
1,10,36,blank_2,blank,0.0,1.6,521
1,11,40,cal_blank,cal_blank,0.0,0.025,2
1,11,40,cal_blank,cal_blank,0.0,0.1,6
1,11,40,cal_blank,cal_blank,0.0,0.4,21
1,11,40,cal_blank,cal_blank,0.0,1.6,103
1,12,44,blank_3,blank,0.0,0.025,6
1,12,44,blank_3,blank,0.0,0.1,28
1,12,44,blank_3,blank,0.0,0.4,86
1,12,44,blank_3,blank,0.0,1.6,359
1,13,48,spike_3,spike,2.0,0.025,28
1,13,48,spike_3,spike,2.0,0.1,140
1,13,48,spike_3,spike,2.0,0.4,496
1,13,48,spike_3,spike,2.0,1.6,1996
1,14,52,home_02,home,,0.025,9
1,14,52,home_02,home,,0.1,37
1,14,52,home_02,home,,0.4,125
1,14,52,home_02,home,,1.6,545
1,15,56,home_01,home,,0.025,51
1,15,56,home_01,home,,0.1,180
1,15,56,home_01,home,,0.4,760
1,15,56,home_01,home,,1.6,2946
1,16,60,cal_blank,cal_blank,0.0,0.025,0
1,16,60,cal_blank,cal_blank,0.0,0.1,7
1,16,60,cal_blank,cal_blank,0.0,0.4,43
1,16,60,cal_blank,cal_blank,0.0,1.6,130
1,17,64,home_08,home,,0.025,8
1,17,64,home_08,home,,0.1,34
1,17,64,home_08,home,,0.4,126
1,17,64,home_08,home,,1.6,522
1,18,68,home_04,home,,0.025,22
1,18,68,home_04,home,,0.1,88
1,18,68,home_04,home,,0.4,401
1,18,68,home_04,home,,1.6,1557
1,19,72,home_13,home,,0.025,10
1,19,72,home_13,home,,0.1,45
1,19,72,home_13,home,,0.4,193
1,19,72,home_13,home,,1.6,803
1,20,76,home_07,home,,0.025,19
1,20,76,home_07,home,,0.1,96
1,20,76,home_07,home,,0.4,379
1,20,76,home_07,home,,1.6,1478
1,21,80,cal_blank,cal_blank,0.0,0.025,3
1,21,80,cal_blank,cal_blank,0.0,0.1,6
1,21,80,cal_blank,cal_blank,0.0,0.4,46
1,21,80,cal_blank,cal_blank,0.0,1.6,193
1,22,84,home_14,home,,0.025,13
1,22,84,home_14,home,,0.1,62
1,22,84,home_14,home,,0.4,193
1,22,84,home_14,home,,1.6,860
1,23,88,home_12,home,,0.025,33
1,23,88,home_12,home,,0.1,147
1,23,88,home_12,home,,0.4,514
1,23,88,home_12,home,,1.6,2290
1,24,92,home_11,home,,0.025,84
1,24,92,home_11,home,,0.1,331
1,24,92,home_11,home,,0.4,1283
1,24,92,home_11,home,,1.6,5470
1,25,96,home_06,home,,0.025,12
1,25,96,home_06,home,,0.1,41
1,25,96,home_06,home,,0.4,189
1,25,96,home_06,home,,1.6,707
1,26,100,cal_blank,cal_blank,0.0,0.025,2
1,26,100,cal_blank,cal_blank,0.0,0.1,13
1,26,100,cal_blank,cal_blank,0.0,0.4,54
1,26,100,cal_blank,cal_blank,0.0,1.6,211
1,27,104,blank_1,blank,0.0,0.025,10
1,27,104,blank_1,blank,0.0,0.1,32
1,27,104,blank_1,blank,0.0,0.4,121
1,27,104,blank_1,blank,0.0,1.6,482
1,28,108,spike_1,spike,2.0,0.025,38
1,28,108,spike_1,spike,2.0,0.1,147
1,28,108,spike_1,spike,2.0,0.4,555
1,28,108,spike_1,spike,2.0,1.6,2226
1,29,112,home_10,home,,0.025,28
1,29,112,home_10,home,,0.1,95
1,29,112,home_10,home,,0.4,461
1,29,112,home_10,home,,1.6,1895
1,30,116,spike_2,spike,2.0,0.025,30
1,30,116,spike_2,spike,2.0,0.1,124
1,30,116,spike_2,spike,2.0,0.4,542
1,30,116,spike_2,spike,2.0,1.6,2038
1,31,120,cal_blank,cal_blank,0.0,0.025,5
1,31,120,cal_blank,cal_blank,0.0,0.1,16
1,31,120,cal_blank,cal_blank,0.0,0.4,46
1,31,120,cal_blank,cal_blank,0.0,1.6,212
2,1,0,std_0,standard,0.0,0.025,1
2,1,0,std_0,standard,0.0,0.1,6
2,1,0,std_0,standard,0.0,0.4,12
2,1,0,std_0,standard,0.0,1.6,45
2,2,4,std_1,standard,1.0,0.025,9
2,2,4,std_1,standard,1.0,0.1,66
2,2,4,std_1,standard,1.0,0.4,231
2,2,4,std_1,standard,1.0,1.6,860
2,3,8,std_2,standard,2.0,0.025,26
2,3,8,std_2,standard,2.0,0.1,116
2,3,8,std_2,standard,2.0,0.4,428
2,3,8,std_2,standard,2.0,1.6,1697
2,4,12,std_5,standard,5.0,0.025,57
2,4,12,std_5,standard,5.0,0.1,252
2,4,12,std_5,standard,5.0,0.4,978
2,4,12,std_5,standard,5.0,1.6,4221
2,5,16,std_10,standard,10.0,0.025,106
2,5,16,std_10,standard,10.0,0.1,504
2,5,16,std_10,standard,10.0,0.4,2058
2,5,16,std_10,standard,10.0,1.6,8265
2,6,20,cal_blank,cal_blank,0.0,0.025,1
2,6,20,cal_blank,cal_blank,0.0,0.1,3
2,6,20,cal_blank,cal_blank,0.0,0.4,12
2,6,20,cal_blank,cal_blank,0.0,1.6,74
2,7,24,home_19,home,,0.025,14
2,7,24,home_19,home,,0.1,51
2,7,24,home_19,home,,0.4,236
2,7,24,home_19,home,,1.6,870
2,8,28,home_18,home,,0.025,57
2,8,28,home_18,home,,0.1,177
2,8,28,home_18,home,,0.4,694
2,8,28,home_18,home,,1.6,2650
2,9,32,home_22,home,,0.025,34
2,9,32,home_22,home,,0.1,124
2,9,32,home_22,home,,0.4,486
2,9,32,home_22,home,,1.6,1880
2,10,36,home_27,home,,0.025,18
2,10,36,home_27,home,,0.1,99
2,10,36,home_27,home,,0.4,423
2,10,36,home_27,home,,1.6,1534
2,11,40,cal_blank,cal_blank,0.0,0.025,3
2,11,40,cal_blank,cal_blank,0.0,0.1,3
2,11,40,cal_blank,cal_blank,0.0,0.4,31
2,11,40,cal_blank,cal_blank,0.0,1.6,89
2,12,44,home_25,home,,0.025,33
2,12,44,home_25,home,,0.1,153
2,12,44,home_25,home,,0.4,603
2,12,44,home_25,home,,1.6,2333
2,13,48,home_17,home,,0.025,18
2,13,48,home_17,home,,0.1,80
2,13,48,home_17,home,,0.4,314
2,13,48,home_17,home,,1.6,1258
2,14,52,home_24,home,,0.025,15
2,14,52,home_24,home,,0.1,52
2,14,52,home_24,home,,0.4,199
2,14,52,home_24,home,,1.6,810
2,15,56,spike_5,spike,2.0,0.025,28
2,15,56,spike_5,spike,2.0,0.1,132
2,15,56,spike_5,spike,2.0,0.4,495
2,15,56,spike_5,spike,2.0,1.6,2129
2,16,60,cal_blank,cal_blank,0.0,0.025,2
2,16,60,cal_blank,cal_blank,0.0,0.1,6
2,16,60,cal_blank,cal_blank,0.0,0.4,34
2,16,60,cal_blank,cal_blank,0.0,1.6,125
2,17,64,blank_5,blank,0.0,0.025,11
2,17,64,blank_5,blank,0.0,0.1,30
2,17,64,blank_5,blank,0.0,0.4,114
2,17,64,blank_5,blank,0.0,1.6,444
2,18,68,spike_4,spike,2.0,0.025,27
2,18,68,spike_4,spike,2.0,0.1,114
2,18,68,spike_4,spike,2.0,0.4,478
2,18,68,spike_4,spike,2.0,1.6,1913
2,19,72,home_21,home,,0.025,18
2,19,72,home_21,home,,0.1,65
2,19,72,home_21,home,,0.4,211
2,19,72,home_21,home,,1.6,904
2,20,76,home_26,home,,0.025,18
2,20,76,home_26,home,,0.1,75
2,20,76,home_26,home,,0.4,309
2,20,76,home_26,home,,1.6,1269
2,21,80,cal_blank,cal_blank,0.0,0.025,3
2,21,80,cal_blank,cal_blank,0.0,0.1,13
2,21,80,cal_blank,cal_blank,0.0,0.4,37
2,21,80,cal_blank,cal_blank,0.0,1.6,151
2,22,84,home_16,home,,0.025,60
2,22,84,home_16,home,,0.1,209
2,22,84,home_16,home,,0.4,824
2,22,84,home_16,home,,1.6,3357
2,23,88,home_23,home,,0.025,19
2,23,88,home_23,home,,0.1,84
2,23,88,home_23,home,,0.4,321
2,23,88,home_23,home,,1.6,1268
2,24,92,blank_4,blank,0.0,0.025,1
2,24,92,blank_4,blank,0.0,0.1,19
2,24,92,blank_4,blank,0.0,0.4,83
2,24,92,blank_4,blank,0.0,1.6,309
2,25,96,home_20,home,,0.025,62
2,25,96,home_20,home,,0.1,250
2,25,96,home_20,home,,0.4,1056
2,25,96,home_20,home,,1.6,4090
2,26,100,cal_blank,cal_blank,0.0,0.025,5
2,26,100,cal_blank,cal_blank,0.0,0.1,8
2,26,100,cal_blank,cal_blank,0.0,0.4,46
2,26,100,cal_blank,cal_blank,0.0,1.6,207
2,27,104,home_15,home,,0.025,15
2,27,104,home_15,home,,0.1,50
2,27,104,home_15,home,,0.4,250
2,27,104,home_15,home,,1.6,1036
2,28,108,cal_blank,cal_blank,0.0,0.025,6
2,28,108,cal_blank,cal_blank,0.0,0.1,13
2,28,108,cal_blank,cal_blank,0.0,0.4,55
2,28,108,cal_blank,cal_blank,0.0,1.6,211
3,1,0,std_0,standard,0.0,0.025,1
3,1,0,std_0,standard,0.0,0.1,0
3,1,0,std_0,standard,0.0,0.4,13
3,1,0,std_0,standard,0.0,1.6,59
3,2,4,std_1,standard,1.0,0.025,12
3,2,4,std_1,standard,1.0,0.1,59
3,2,4,std_1,standard,1.0,0.4,231
3,2,4,std_1,standard,1.0,1.6,875
3,3,8,std_2,standard,2.0,0.025,29
3,3,8,std_2,standard,2.0,0.1,124
3,3,8,std_2,standard,2.0,0.4,436
3,3,8,std_2,standard,2.0,1.6,1752
3,4,12,std_5,standard,5.0,0.025,56
3,4,12,std_5,standard,5.0,0.1,293
3,4,12,std_5,standard,5.0,0.4,1063
3,4,12,std_5,standard,5.0,1.6,4168
3,5,16,std_10,standard,10.0,0.025,151
3,5,16,std_10,standard,10.0,0.1,505
3,5,16,std_10,standard,10.0,0.4,2151
3,5,16,std_10,standard,10.0,1.6,8192
3,6,20,cal_blank,cal_blank,0.0,0.025,0
3,6,20,cal_blank,cal_blank,0.0,0.1,1
3,6,20,cal_blank,cal_blank,0.0,0.4,21
3,6,20,cal_blank,cal_blank,0.0,1.6,75
3,7,24,home_34,home,,0.025,29
3,7,24,home_34,home,,0.1,113
3,7,24,home_34,home,,0.4,383
3,7,24,home_34,home,,1.6,1613
3,8,28,spike_7,spike,2.0,0.025,27
3,8,28,spike_7,spike,2.0,0.1,117
3,8,28,spike_7,spike,2.0,0.4,512
3,8,28,spike_7,spike,2.0,1.6,2026
3,9,32,home_40,home,,0.025,49
3,9,32,home_40,home,,0.1,201
3,9,32,home_40,home,,0.4,793
3,9,32,home_40,home,,1.6,3114
3,10,36,home_32,home,,0.025,35
3,10,36,home_32,home,,0.1,149
3,10,36,home_32,home,,0.4,525
3,10,36,home_32,home,,1.6,2093
3,11,40,cal_blank,cal_blank,0.0,0.025,3
3,11,40,cal_blank,cal_blank,0.0,0.1,10
3,11,40,cal_blank,cal_blank,0.0,0.4,37
3,11,40,cal_blank,cal_blank,0.0,1.6,115
3,12,44,home_33,home,,0.025,10
3,12,44,home_33,home,,0.1,56
3,12,44,home_33,home,,0.4,197
3,12,44,home_33,home,,1.6,826
3,13,48,blank_7,blank,0.0,0.025,6
3,13,48,blank_7,blank,0.0,0.1,23
3,13,48,blank_7,blank,0.0,0.4,89
3,13,48,blank_7,blank,0.0,1.6,377
3,14,52,home_30,home,,0.025,23
3,14,52,home_30,home,,0.1,71
3,14,52,home_30,home,,0.4,285
3,14,52,home_30,home,,1.6,1084
3,15,56,spike_6,spike,2.0,0.025,38
3,15,56,spike_6,spike,2.0,0.1,149
3,15,56,spike_6,spike,2.0,0.4,474
3,15,56,spike_6,spike,2.0,1.6,2088
3,16,60,cal_blank,cal_blank,0.0,0.025,1
3,16,60,cal_blank,cal_blank,0.0,0.1,13
3,16,60,cal_blank,cal_blank,0.0,0.4,45
3,16,60,cal_blank,cal_blank,0.0,1.6,159
3,17,64,home_39,home,,0.025,12
3,17,64,home_39,home,,0.1,40
3,17,64,home_39,home,,0.4,168
3,17,64,home_39,home,,1.6,751
3,18,68,home_38,home,,0.025,20
3,18,68,home_38,home,,0.1,102
3,18,68,home_38,home,,0.4,352
3,18,68,home_38,home,,1.6,1415
3,19,72,home_35,home,,0.025,7
3,19,72,home_35,home,,0.1,42
3,19,72,home_35,home,,0.4,209
3,19,72,home_35,home,,1.6,775
3,20,76,home_37,home,,0.025,21
3,20,76,home_37,home,,0.1,73
3,20,76,home_37,home,,0.4,267
3,20,76,home_37,home,,1.6,1138
3,21,80,cal_blank,cal_blank,0.0,0.025,2
3,21,80,cal_blank,cal_blank,0.0,0.1,8
3,21,80,cal_blank,cal_blank,0.0,0.4,48
3,21,80,cal_blank,cal_blank,0.0,1.6,206
3,22,84,home_31,home,,0.025,21
3,22,84,home_31,home,,0.1,124
3,22,84,home_31,home,,0.4,478
3,22,84,home_31,home,,1.6,1810
3,23,88,home_36,home,,0.025,13
3,23,88,home_36,home,,0.1,54
3,23,88,home_36,home,,0.4,141
3,23,88,home_36,home,,1.6,612
3,24,92,blank_6,blank,0.0,0.025,4
3,24,92,blank_6,blank,0.0,0.1,26
3,24,92,blank_6,blank,0.0,0.4,136
3,24,92,blank_6,blank,0.0,1.6,533
3,25,96,home_29,home,,0.025,11
3,25,96,home_29,home,,0.1,32
3,25,96,home_29,home,,0.4,137
3,25,96,home_29,home,,1.6,597
3,26,100,cal_blank,cal_blank,0.0,0.025,1
3,26,100,cal_blank,cal_blank,0.0,0.1,16
3,26,100,cal_blank,cal_blank,0.0,0.4,42
3,26,100,cal_blank,cal_blank,0.0,1.6,262
3,27,104,home_28,home,,0.025,14
3,27,104,home_28,home,,0.1,58
3,27,104,home_28,home,,0.4,251
3,27,104,home_28,home,,1.6,956
3,28,108,cal_blank,cal_blank,0.0,0.025,2
3,28,108,cal_blank,cal_blank,0.0,0.1,15
3,28,108,cal_blank,cal_blank,0.0,0.4,56
3,28,108,cal_blank,cal_blank,0.0,1.6,239
