pwsid,system_name,size_category,facility_id,facility_water_type,sample_point_id,epa_region,state
IL0010500,MENDON,S,39715,GW,CC01,5,IL
IL0010650,QUINCY,L,00001,SW,TP01,5,IL
IL0015300,MILL CREEK PWD,S,TP02,GW,TP02,5,IL
IL0015350,ABS WATER COOP,S,CC14,GW,CC14,5,IL
IL0015350,ABS WATER COOP,S,CC20,GW,CC20,5,IL
IL0015350,ABS WATER COOP,S,CC21,GW,CC21,5,IL
IL0015350,ABS WATER COOP,S,CC25,GW,CC25,5,IL
IL0015350,ABS WATER COOP,S,CC26,GW,CC26,5,IL
IL0050020,BOND/MADISON WATER COMPANY,S,20001,SW,EP001,5,IL
IL0050050,GREENVILLE,S,TP01,SW,TP01,5,IL
IL0070050,BELVIDERE,L,00003,GW,TP03,5,IL
IL0070050,BELVIDERE,L,00005,GW,TP05,5,IL
IL0070050,BELVIDERE,L,00006,GW,TP06,5,IL
IL0070050,BELVIDERE,L,00007,GW,TP07,5,IL
IL0070050,BELVIDERE,L,00008,GW,TP08,5,IL
IL0070350,POPLAR GROVE WEST-COUNTRYSIDE,S,20001,GW,EP002,5,IL
IL0075050,AQUA ILLINOIS-CANDLEWICK DVN,S,TP03,GW,TP03,5,IL
IL0110100,BUDA,S,TP02,GW,EP02,5,IL
IL0110350,DOVER,S,10001,GW,EP1,5,IL
IL0110850,PRINCETON,S,40670,GW,TP02,5,IL
IL0111000,SPRING VALLEY,S,TP03,GW,TP03,5,IL
IL0130010,CALHOUN COUNTY RWD,S,14566,GW,TP01,5,IL
IL0170150,BEARDSTOWN,S,TP01,GW,TP01,5,IL
IL0190450,MAHOMET,S,TP01,GW,TP01,5,IL
IL0190650,RANTOUL,L,00002,GW,TP02,5,IL
IL0195150,SANGAMON VALLEY PWD,S,TP02,GW,TP02,5,IL
IL0195300,IL AMERICAN-CHAMPAIGN,L,00002,GW,TP02,5,IL
IL0195300,IL AMERICAN-CHAMPAIGN,L,00005,GW,TP05,5,IL
IL0195500,U OF I-CHAMPAIGN,L,25750,GW,CC02,5,IL
IL0210500,PANA,S,TP01,SW,TP01,5,IL
IL0210600,TAYLORVILLE,L,0210600,MX,TAP03,5,IL
IL0230010,CLARK-EDGAR RWD,S,TP01,GW,TP01,5,IL
IL0230050,CASEY,S,CC01,GW,CC01,5,IL
IL0230100,MARSHALL,S,35068,GW,TP05,5,IL
IL0250100,FLORA,S,20001,SW,EP001,5,IL
IL0250300,XENIA,S,35202,SW,CC02,5,IL
IL0270250,BREESE,S,34794,SW,TP04,5,IL
IL0270300,CARLYLE,S,TP02,SW,TP02,5,IL
IL0274700,NEW BADEN,S,10001,SW,EP001,5,IL
IL0290020,EMBARRAS AREA WATER DISTRICT,S,290020,GW,EAWD1,5,IL
IL0290100,CHARLESTON,L,00002,SW,TP02,5,IL
IL0290250,MATTOON,L,00002,SW,TP03,5,IL
IL0295100,CLEAR WATER SERVICE CORP,S,34530,GW,CC01,5,IL
IL0295100,CLEAR WATER SERVICE CORP,S,14714,GW,TP03,5,IL
IL0295500,EASTERN ILLINOIS UNIVERSITY,S,10001,SW,EP001,5,IL
IL0310030,ALSIP,L,25792,SW,CC01,5,IL
IL0310060,SUMMIT,L,00001,SW,CC01,5,IL
IL0310150,BELLWOOD,L,25797,SW,CC01,5,IL
IL0310180,BERKELEY,S,00001,SW,EP001,5,IL
IL0310210,BERWYN,L,25803,SW,CC01,5,IL
IL0310240,BLUE ISLAND,L,00001,SW,CC01,5,IL
IL0310270,BRIDGEVIEW,L,00001,SW,CC01,5,IL
IL0310300,BROADVIEW,S,25807,SW,CC02,5,IL
IL0310330,BROOKFIELD,L,00001,SW,CC01,5,IL
IL0310360,BURNHAM,S,20001,SW,CC001,5,IL
IL0310360,BURNHAM,S,20002,SW,CC002,5,IL
IL0310390,CALUMET CITY,L,00001,SW,CC01,5,IL
IL0310390,CALUMET CITY,L,00002,SW,CC02,5,IL
IL0310420,CALUMET PARK,S,25812,SW,CC01,5,IL
IL0310450,CHICAGO HEIGHTS,L,25813,SW,CC05,5,IL
IL0310480,CHICAGO RIDGE,L,25814,SW,CC01,5,IL
IL0310510,CICERO,L,00001,SW,CC01,5,IL
IL0310540,COUNTRY CLUB HILLS,L,25818,SW,CC01,5,IL
IL0310570,COUNTRYSIDE,S,22723,SW,CC02,5,IL
IL0310600,CRESTWOOD,L,25820,SW,CC01,5,IL
IL0310630,DES PLAINES,L,25821,SW,CC01,5,IL
IL0310630,DES PLAINES,L,41031,SW,CC02,5,IL
IL0310660,DIXMOOR,S,20001,SW,EP001,5,IL
IL0310690,DOLTON,L,25825,SW,CC01,5,IL
IL0310780,ELMWOOD PARK,L,25828,SW,CC01,5,IL
IL0310810,EVANSTON,L,00001,SW,TP01,5,IL
IL0310840,EVERGREEN PARK,L,00001,SW,CC01,5,IL
IL0310870,FLOSSMOOR,S,20001,SW,EP001,5,IL
IL0310900,FOREST PARK,L,31864,SW,C5A,5,IL
IL0310960,FRANKLIN PARK,L,00001,SW,CC01,5,IL
IL0310990,GLENCOE,S,TP01,SW,TP01,5,IL
IL0311000,PALOS PARK,S,20001,SW,EP001,5,IL
IL0311020,GLENVIEW,L,34603,SW,CC01,5,IL
IL0311050,GLENWOOD,S,10001,SW,EP1,5,IL
IL0311110,HARVEY,L,00001,SW,CC01,5,IL
IL0311140,HARWOOD HEIGHTS,S,101,SW,EP001,5,IL
IL0311170,HAZEL CREST,L,31575,SW,CC02,5,IL
IL0311200,HICKORY HILLS,L,32782,SW,CC01,5,IL
IL0311230,HILLSIDE,S,00001,SW,EP001,5,IL
IL0311290,HOFFMAN ESTATES,L,00012,SW,CC12,5,IL
IL0311320,HOMETOWN,S,25850,SW,EP001,5,IL
IL0311350,HOMEWOOD,L,00001,SW,CC01,5,IL
IL0311500,KENILWORTH,S,10001,SW,CC01,5,IL
IL0311530,LA GRANGE,L,25853,SW,CC01,5,IL
IL0311560,LA GRANGE PARK,L,00001,SW,CC01,5,IL
IL0311590,LANSING,L,25855,SW,CC01,5,IL
IL0311620,LEMONT,L,00002,GW,TP02,5,IL
IL0311620,LEMONT,L,00003,GW,TP03,5,IL
IL0311620,LEMONT,L,00004,GW,TP04,5,IL
IL0311620,LEMONT,L,00005,GW,TP05,5,IL
IL0311650,LINCOLNWOOD,L,31893,SW,TP01,5,IL
IL0311680,LYNWOOD,S,34258,SW,CC02,5,IL
IL0311710,"LYONS, IL",L,43688,SW,CC02,5,IL
IL0311770,MARKHAM,L,00001,SW,CC01,5,IL
IL0311800,MATTESON,L,25861,SW,CC01,5,IL
IL0311830,MAYWOOD,L,25862,SW,CC01,5,IL
IL0311860,MELROSE PARK,L,00003,SW,CC03,5,IL
IL0311920,MIDLOTHIAN,L,25868,SW,CC01,5,IL
IL0311950,MORTON GROVE,L,00001,SW,CC01,5,IL
IL0311980,MOUNT PROSPECT,L,00008,SW,CC08,5,IL
IL0312010,"NILES, IL",L,25873,SW,TP01,5,IL
IL0312040,NORRIDGE,L,00001,SW,CC01,5,IL
IL0312070,NORTHBROOK,L,00001,SW,TP01,5,IL
IL0312100,"NORTHFIELD, IL",S,3121001,SW,NF01,5,IL
IL0312160,NORTH RIVERSIDE,S,GENFIN,SW,GENFIN,5,IL
IL0312190,OAK FOREST,L,00001,SW,CC01,5,IL
IL0312220,OAK LAWN,L,00003,SW,CC03,5,IL
IL0312250,"OAK PARK, IL",L,14784,SW,CC02,5,IL
IL0312280,OLYMPIA FIELDS,S,25882,SW,CC01,5,IL
IL0312310,ORLAND PARK,L,00001,SW,CC01,5,IL
IL0312340,PALATINE,L,00001,SW,CC01,5,IL
IL0312370,PALOS HEIGHTS,L,00001,SW,CC01,5,IL
IL0312400,PALOS HILLS,L,00001,SW,CC01,5,IL
IL0312460,PARK RIDGE,L,00001,SW,CC01,5,IL
IL0312520,POSEN,S,10001,SW,EP1,5,IL
IL0312550,RICHTON PARK,L,00002,GW,TP02,5,IL
IL0312550,RICHTON PARK,L,00003,GW,TP03,5,IL
IL0312550,RICHTON PARK,L,00004,GW,TP04,5,IL
IL0312580,RIVERDALE,L,25894,SW,CC02,5,IL
IL0312610,RIVER FOREST,L,00001,SW,CC01,5,IL
IL0312640,RIVER GROVE,L,00001,SW,CC01,5,IL
IL0312670,RIVERSIDE,S,25897,SW,CC01,5,IL
IL0312700,ROBBINS,S,TP01,SW,TP01,5,IL
IL0312730,ROLLING MEADOWS,L,25901,SW,CC09,5,IL
IL0312760,ROSEMONT,S,25903,SW,CC01,5,IL
IL0312790,SAUK,L,14811,GW,TP01,5,IL
IL0312790,SAUK,L,14812,GW,TP02,5,IL
IL0312850,SCHILLER PARK,L,25904,SW,CC01,5,IL
IL0312880,SKOKIE,L,25905,SW,CC03,5,IL
IL0312940,SOUTH CHICAGO HEIGHTS,S,32849,SW,CC04,5,IL
IL0312970,SOUTH HOLLAND,L,25907,SW,CC01,5,IL
IL0312970,SOUTH HOLLAND,L,40058,SW,CC02,5,IL
IL0313000,STICKNEY,S,TP01,SW,TP01,5,IL
IL0313030,STONE PARK,S,10001,SW,EP001,5,IL
IL0313060,STREAMWOOD,L,00009,SW,CC09,5,IL
IL0313150,WESTCHESTER,L,25913,SW,CC01,5,IL
IL0313180,WESTERN SPRINGS,L,14824,GW,TP01,5,IL
IL0313300,WILMETTE,L,00001,SW,TP01,5,IL
IL0313330,WINNETKA,L,IL0313330,SW,TAP01,5,IL
IL0313360,WORTH,L,25914,SW,CC01,5,IL
IL0314030,ARLINGTON HEIGHTS,L,00013,SW,CC13,5,IL
IL0314120,BARTLETT,L,TP06,SW,TP06,5,IL
IL0314180,BUFFALO GROVE,L,25920,SW,CC01,5,IL
IL0314400,ELK GROVE VILLAGE,L,25930,SW,CC13,5,IL
IL0314480,HANOVER PARK,L,25932,SW,CC05,5,IL
IL0314710,NORTHLAKE,L,00001,SW,CC01,5,IL
IL0314740,PARK FOREST,L,00001,GW,TP01,5,IL
IL0314860,STEGER,S,TP01,GW,TP01,5,IL
IL0314860,STEGER,S,TP02,GW,TP02,5,IL
IL0314890,SCHAUMBURG,L,00026,SW,CC26,5,IL
IL0314910,TINLEY PARK,L,00002,SW,CC02,5,IL
IL0314970,WHEELING,L,0314970,SW,1001,5,IL
IL0315030,IL AMERICAN-FERNWAY,S,CC03,SW,CC03,5,IL
IL0315150,IL AMERICAN-CHICAGO SUBURBAN,L,00006,SW,CC06,5,IL
IL0315350,AQUA ILLINOIS-NORTH MAINE UTILITIES,L,IL0315350,SW,CC05,5,IL
IL0315350,AQUA ILLINOIS-NORTH MAINE UTILITIES,L,IL0311020,SW,CC08,5,IL
IL0315820,JUSTICE-WILLOW SPRINGS WATER COMMISSION,L,25976,SW,CC01,5,IL
IL0315860,LA GRANGE HIGHLANDS SANITARY DISTRICT,S,25977,SW,CC02,5,IL
IL0315880,LEYDEN TWSP WATER DISTRICT,L,00001,SW,CC01,5,IL
IL0316000,CHICAGO,L,00001,SW,TP01,5,IL
IL0316000,CHICAGO,L,00002,SW,TP02,5,IL
IL0317370,SOUTH STICKNY SD,L,25982,SW,CC01,5,IL
IL0335030,ROBINSON-PALESTINE WATER COMMISSION,L,00001,GW,TP01,5,IL
IL0370051,CORTLAND,S,15041,GW,TP01,5,IL
IL0370051,CORTLAND,S,15042,GW,TP02,5,IL
IL0370051,CORTLAND,S,15043,GW,TP03,5,IL
IL0370051,CORTLAND,S,40052,GW,TP04,5,IL
IL0370100,DE KALB,L,00003,GW,TP03,5,IL
IL0370100,DE KALB,L,00006,GW,TP06,5,IL
IL0370100,DE KALB,L,00007,GW,TP07,5,IL
IL0370100,DE KALB,L,00009,GW,TP09,5,IL
IL0370100,DE KALB,L,00010,GW,TP10,5,IL
IL0370150,GENOA,S,TP02,GW,TP02,5,IL
IL0370150,GENOA,S,TP03,GW,TP03,5,IL
IL0370150,GENOA,S,TP04,GW,TP04,5,IL
IL0370550,SYCAMORE,L,00004,GW,TP04,5,IL
IL0370550,SYCAMORE,L,00005,GW,TP05,5,IL
IL0370550,SYCAMORE,L,00006,GW,TP06,5,IL
IL0370550,SYCAMORE,L,00007,GW,TP07,5,IL
IL0370550,SYCAMORE,L,00008,GW,TP08,5,IL
IL0374850,SANDWICH,S,15081,GW,TP01,5,IL
IL0374850,SANDWICH,S,15082,GW,TP02,5,IL
IL0375500,NORTHERN ILLINOIS UNIVERSITY-DEKALB,S,TP01,GW,TP01,5,IL
IL0375500,NORTHERN ILLINOIS UNIVERSITY-DEKALB,S,TP03,GW,TP03,5,IL
IL0375500,NORTHERN ILLINOIS UNIVERSITY-DEKALB,S,TP06,GW,TP06,5,IL
IL0390050,CLINTON,S,TP02,GW,TP02,5,IL
IL0415030,TUSCOLA,S,26019,GW,EP001,5,IL
IL0430050,ADDISON,L,26022,SW,CC10,5,IL
IL0430060,SOUTHEAST REGIONAL WATER FACILITY,S,39538,SW,CC01,5,IL
IL0430100,BLOOMINGDALE,L,26030,SW,CC06,5,IL
IL0430200,CAROL STREAM,L,00007,SW,CC07,5,IL
IL0430200,CAROL STREAM,L,00008,SW,CC08,5,IL
IL0430250,CLARENDON HILLS,S,26035,SW,CC02,5,IL
IL0430270,DARIEN,L,26036,SW,CC04,5,IL
IL0430300,DOWNERS GROVE,L,26037,SW,CC10,5,IL
IL0430350,ELMHURST,L,00001,SW,CC01,5,IL
IL0430400,GLENDALE HEIGHTS,L,00013,SW,CC13,5,IL
IL0430450,GLEN ELLYN,L,26048,SW,CC10,5,IL
IL0430500,ITASCA,S,10001,SW,25A,5,IL
IL0430500,ITASCA,S,TP03,GW,TP03,5,IL
IL0430500,ITASCA,S,TP04,GW,TP04,5,IL
IL0430551,LISLE,L,26054,SW,CC08,5,IL
IL0430600,LOMBARD,L,26058,SW,CC11,5,IL
IL0430700,OAK BROOK,L,00009,SW,CC09,5,IL
IL0430800,VILLA PARK,L,26067,SW,CC10,5,IL
IL0430833,WARRENVILLE,L,00001,GW,TP01,5,IL
IL0430833,WARRENVILLE,L,00002,GW,TP02,5,IL
IL0430833,WARRENVILLE,L,00006,GW,TP06,5,IL
IL0430833,WARRENVILLE,L,00007,GW,TP07,5,IL
IL0430900,WEST CHICAGO,L,00012,GW,TP12,5,IL
IL0430950,WESTMONT,L,26069,SW,CC04,5,IL
IL0431050,WHEATON,L,00013,SW,CC13,5,IL
IL0431100,WILLOWBROOK,S,10001,SW,EP1,5,IL
IL0431150,WINFIELD,S,10001,SW,EP001,5,IL
IL0431200,WOOD DALE,L,26075,SW,CC07,5,IL
IL0431250,WOODRIDGE,L,26079,SW,CC08,5,IL
IL0434140,BENSENVILLE,L,00006,SW,CC06,5,IL
IL0434190,BURR RIDGE,L,00001,SW,CC01,5,IL
IL0434520,HINSDALE,L,00002,SW,CC02,5,IL
IL0434670,NAPERVILLE,L,00027,SW,CC27,5,IL
IL0434820,ROSELLE,L,00009,SW,CC09,5,IL
IL0435300,Prairie Path Water Co. - Clarendon,S,15329,GW,TP01,5,IL
IL0435350,IL AMERICAN-COUNTRY CLUB,S,20001,SW,CC02,5,IL
IL0435650,IL AMERICAN-LIBERTY RIDGE WEST,S,10001,SW,EP001,5,IL
IL0437350,IL AMERICAN-VALLEY VIEW,S,10001,SW,EP001,5,IL
IL0450300,PARIS,S,39701,GW,TP02,5,IL
IL0490250,EFFINGHAM,L,00001,SW,TP01,5,IL
IL0495150,"LAKE SARA AREA WATER CO-OP, INC.",S,26113,SW,CC02,5,IL
IL0510010,FAYETTE WATER COMPANY,S,40428,SW,CC01,5,IL
IL0510010,FAYETTE WATER COMPANY,S,41251,MX,CC03,5,IL
IL0510010,FAYETTE WATER COMPANY,S,15414,GW,TP01,5,IL
IL0510350,VANDALIA,S,15421,SW,TP01,5,IL
IL0515500,VANDALIA CORRECTIONAL CENTER,S,27349,SW,EP001,5,IL
IL0530100,GIBSON CITY,S,15426,GW,TP01,5,IL
IL0530250,PAXTON,S,15429,GW,TP01,5,IL
IL0550050,BENTON,S,26122,SW,CC02,5,IL
IL0550700,WEST FRANKFORT,S,26132,SW,CC01,5,IL
IL0570040,WEE-MA-TUK WATER DISTRICT,S,10001,GU,EP001,5,IL
IL0570250,"CANTON, IL",L,15445,GU,TP01,5,IL
IL0610050,"CARROLLTON, IL",S,20001,GW,EP001,5,IL
IL0630200,COAL CITY,S,15484,GW,TP04,5,IL
IL0630550,MINOOKA,L,00003,GW,TP03,5,IL
IL0630550,MINOOKA,L,00004,GW,TP04,5,IL
IL0630550,MINOOKA,L,00005,GW,TP05,5,IL
IL0630600,"MORRIS, IL",L,00001,GW,TP01,5,IL
IL0635125,BOOKWALTER WOODS MHP,S,10001,GW,TP01,5,IL
IL0635225,SHADY OAKS MHP,S,2001,GW,EP001,5,IL
IL0651000,HAMILTON COUNTY WATER DISTRICT,S,GENFIN,SW,GENFIN,5,IL
IL0710010,DALLAS RURAL WATER DISTRICT,S,15530,GW,TP04,5,IL
IL0710010,DALLAS RURAL WATER DISTRICT,S,33059,GW,TP05,5,IL
IL0730500,GENESEO,S,15564,GW,TP04,5,IL
IL0730650,KEWANEE,L,15567,GW,TP01,5,IL
IL0730650,KEWANEE,L,15569,GW,TP03,5,IL
IL0750050,ASHKUM,S,20001,GW,EP001,5,IL
IL0750050,ASHKUM,S,20002,GW,EP002,5,IL
IL0750150,BUCKLEY,S,15628,GW,TP01,5,IL
IL0750900,WATSEKA,S,34444,GW,TP04,5,IL
IL0750900,WATSEKA,S,39673,GW,TP05,5,IL
IL0770150,CARBONDALE,L,00005,SW,TP05,5,IL
IL0770500,MURPHYSBORO,L,26198,SW,CC01,5,IL
IL0775200,MURDALE PWD,S,26211,SW,CC04,5,IL
IL0775400,SOUTH HIGHWAY PWD,S,20001,SW,EP001,5,IL
IL0790010,E J WATER COOP,L,CC04,GW,CC04,5,IL
IL0790010,E J WATER COOP,L,CC06,GW,CC06,5,IL
IL0790010,E J WATER COOP,L,CC08,SW,CC08,5,IL
IL0790010,E J WATER COOP,L,CC10,GW,CC10,5,IL
IL0790010,E J WATER COOP,L,TP01,GW,TP01,5,IL
IL0790010,E J WATER COOP,L,TP03,SW,TP03,5,IL
IL0810010,NORTHEAST MOUNT VERNON WATER COMPANY,S,26217,SW,CC01,5,IL
IL0810300,MOUNT VERNON,L,00001,SW,CC01,5,IL
IL0810450,WOODLAWN,S,26226,SW,CC03,5,IL
IL0830250,JERSEYVILLE,L,TP01,GW,TP01,5,IL
IL0835300,JERSEY RWC,L,00003,SW,CC03,5,IL
IL0850200,GALENA,S,TP02,GW,TP02,5,IL
IL0850200,GALENA,S,TP03,GW,TP03,5,IL
IL0850200,GALENA,S,TP04,GW,TP04,5,IL
IL0850250,HANOVER,S,15712,GW,TP01,5,IL
IL0850250,HANOVER,S,15713,GW,TP02,5,IL
IL0855050,UTL INC-GALENA TERRITORY,S,20001,GW,TP01,5,IL
IL0855050,UTL INC-GALENA TERRITORY,S,20002,GW,TP02,5,IL
IL0855050,UTL INC-GALENA TERRITORY,S,20003,GW,TP03,5,IL
IL0855050,UTL INC-GALENA TERRITORY,S,20004,GW,TP04,5,IL
IL0855050,UTL INC-GALENA TERRITORY,S,20005,GW,TP05,5,IL
IL0855050,UTL INC-GALENA TERRITORY,S,20006,GW,TP06,5,IL
IL0890110,WASCO SD,S,TP03,GW,TP03,5,IL
IL0890120,MILL CREEK WATER RECLAMATION DISTRICT,S,SS01,GW,SS01,5,IL
IL0890160,PINGREE GROVE,S,TP01,GW,TP01,5,IL
IL0890200,CARPENTERSVILLE,L,00001,GW,TP01,5,IL
IL0890300,ELBURN,S,15765,GW,TP03,5,IL
IL0890300,ELBURN,S,15766,GW,TP04,5,IL
IL0890300,ELBURN,S,33790,GW,TP05,5,IL
IL0890350,GENEVA,L,00009,GW,TP08,5,IL
IL0890400,GILBERTS,S,TP03,GW,TP03,5,IL
IL0890450,HAMPSHIRE,S,34090,GW,TP05,5,IL
IL0890450,HAMPSHIRE,S,15775,GW,TP06,5,IL
IL0890600,NORTH AURORA,L,00004,GW,TP04,5,IL
IL0890600,NORTH AURORA,L,00006,GW,TP06,5,IL
IL0890800,SOUTH ELGIN,L,00001,GW,TP01,5,IL
IL0890800,SOUTH ELGIN,L,00002,GW,TP02,5,IL
IL0890800,SOUTH ELGIN,L,00003,GW,TP03,5,IL
IL0890800,SOUTH ELGIN,L,00004,GW,TP04,5,IL
IL0890800,SOUTH ELGIN,L,00005,GW,TP05,5,IL
IL0890800,SOUTH ELGIN,L,00006,GW,TP06,5,IL
IL0890800,SOUTH ELGIN,L,00007,GW,TP07,5,IL
IL0890800,SOUTH ELGIN,L,00008,GW,TP08,5,IL
IL0890850,SUGAR GROVE,L,00003,GW,TP03,5,IL
IL0890850,SUGAR GROVE,L,00005,GW,TP05,5,IL
IL0890850,SUGAR GROVE,L,00007,GW,TP07,5,IL
IL0890850,SUGAR GROVE,L,00008,GW,TP08,5,IL
IL0890850,SUGAR GROVE,L,00009,GW,TP09,5,IL
IL0890950,WEST DUNDEE,S,TP01,GW,TP01,5,IL
IL0890950,WEST DUNDEE,S,TP05,GW,TP05,5,IL
IL0894070,AURORA,L,00014,SW,TP14,5,IL
IL0894130,BATAVIA,L,00005,GW,TP05,5,IL
IL0894380,"ELGIN, IL",L,00001,SW,TP01,5,IL
IL0894380,"ELGIN, IL",L,00002,SW,TP02,5,IL
IL0894400,WILLOW LAKE ESTATES MHP,S,C1B,SW,SS001,5,IL
IL0894690,MONTGOMERY,L,00004,GW,TP04,5,IL
IL0894690,MONTGOMERY,L,00005,GW,TP05,5,IL
IL0894690,MONTGOMERY,L,00006,GW,TP06,5,IL
IL0894830,ST CHARLES,L,00001,GW,TP01,5,IL
IL0894830,ST CHARLES,L,00005,GW,TP05,5,IL
IL0894830,ST CHARLES,L,00006,GW,TP06,5,IL
IL0894830,ST CHARLES,L,00007,GW,TP07,5,IL
IL0894830,ST CHARLES,L,00008,GW,TP08,5,IL
IL0915030,AQUA ILLINOIS-KANKAKEE,L,00001,SW,TP01,5,IL
IL0930150,OSWEGO,L,00001,GW,TP01,5,IL
IL0930150,OSWEGO,L,00002,GW,TP02,5,IL
IL0930150,OSWEGO,L,00003,GW,TP03,5,IL
IL0930150,OSWEGO,L,00005,GW,TP05,5,IL
IL0930150,OSWEGO,L,00006,GW,TP06,5,IL
IL0930150,OSWEGO,L,00007,GW,TP07,5,IL
IL0930150,OSWEGO,L,00008,GW,TP08,5,IL
IL0930150,OSWEGO,L,00009,GW,TP09,5,IL
IL0930200,PLANO,L,00003,GW,TP03,5,IL
IL0930200,PLANO,L,00005,GW,TP05,5,IL
IL0930200,PLANO,L,00006,GW,TP06,5,IL
IL0930250,YORKVILLE,L,00006,GW,TP06,5,IL
IL0930250,YORKVILLE,L,00007,GW,TP07,5,IL
IL0930250,YORKVILLE,L,00008,GW,TP08,5,IL
IL0950050,ABINGDON,S,26254,GW,CC02,5,IL
IL0950100,ALTONA,S,20001,GW,EP001,5,IL
IL0950200,GALESBURG,L,00002,GW,TP02,5,IL
IL0970050,ANTIOCH,L,15974,GW,TP01,5,IL
IL0970050,ANTIOCH,L,15975,GW,TP02,5,IL
IL0970050,ANTIOCH,L,15976,GW,TP03,5,IL
IL0970050,ANTIOCH,L,15978,GW,TP05,5,IL
IL0970050,ANTIOCH,L,15979,GW,TP06,5,IL
IL0970050,ANTIOCH,L,15980,GW,TP07,5,IL
IL0970050,ANTIOCH,L,34572,GW,TP08,5,IL
IL0970190,BEACH PARK,S,26263,SW,CC01,5,IL
IL0970200,FOX LAKE,L,TP03,GW,TP03,5,IL
IL0970200,FOX LAKE,L,TP04,GW,TP04,5,IL
IL0970200,FOX LAKE,L,TP05,GW,TP05,5,IL
IL0970200,FOX LAKE,L,TP08,GW,TP08,5,IL
IL0970250,GRAYSLAKE,L,00004,SW,CC04,5,IL
IL0970350,GURNEE,L,26267,SW,CC06,5,IL
IL0970400,HAINESVILLE,S,16019,GW,TP01,5,IL
IL0970400,HAINESVILLE,S,32735,GW,TP02,5,IL
IL0970500,"HIGHLAND PARK, IL",L,90001,SW,TP01,5,IL
IL0970550,HIGHWOOD,S,16041,SW,TP01,5,IL
IL0970750,LAKE BLUFF,S,20001,SW,EP001,5,IL
IL0970800,LAKE FOREST,L,00001,SW,TP01,5,IL
IL0970840,LAKE VILLA,S,GENFIN,SW,GENFIN,5,IL
IL0970850,LAKE ZURICH,L,00001,GW,TP01,5,IL
IL0970850,LAKE ZURICH,L,00002,GW,TP02,5,IL
IL0970850,LAKE ZURICH,L,00004,GW,TP04,5,IL
IL0970850,LAKE ZURICH,L,00005,GW,TP05,5,IL
IL0970850,LAKE ZURICH,L,00007,GW,TP07,5,IL
IL0970900,LIBERTYVILLE,L,00008,SW,CC08,5,IL
IL0970950,LINCOLNSHIRE,S,IL097095001,SW,EP1,5,IL
IL0971000,LINDENHURST,L,41352,SW,CC12,5,IL
IL0971150,MUNDELEIN,L,26274,SW,CC08,5,IL
IL0971250,NORTH CHICAGO,L,00001,SW,TP01,5,IL
IL0971400,PARK CITY,S,IL0971400,SW,CIC,5,IL
IL0971450,RIVERWOODS,S,10001,SW,CC04,5,IL
IL0971500,ROUND LAKE,L,26284,SW,CC04,5,IL
IL0971550,ROUND LAKE BEACH,L,00008,SW,CC08,5,IL
IL0971600,ROUND LAKE PARK,S,TP03,GW,TP03,5,IL
IL0971600,ROUND LAKE PARK,S,TP04,SW,TP04,5,IL
IL0971750,VERNON HILLS - LAKE CO PW,L,00005,SW,CC05,5,IL
IL0971770,VOLO,S,20001,SW,EP001,5,IL
IL0971850,WAUCONDA,L,41076,SW,CC10,5,IL
IL0971900,WAUKEGAN,L,00001,SW,TP01,5,IL
IL0971950,WINTHROP HARBOR,S,10001,SW,CC02,5,IL
IL0972000,ZION,L,26293,SW,C5C,5,IL
IL0974080,BARRINGTON,L,00001,GW,TP01,5,IL
IL0974080,BARRINGTON,L,00002,GW,TP02,5,IL
IL0974340,DEERFIELD,L,00001,SW,CC01,5,IL
IL0974540,ISLAND LAKE,S,TP04,GW,TP04,5,IL
IL0974540,ISLAND LAKE,S,TP09,GW,TP09,5,IL
IL0975227,GREAT LAKES NAVAL TRAINING STATION,L,00001,SW,TP01,5,IL
IL0975600,GRANDWOOD PARK SUBDIVISION - LAKE CO PW,S,41272,SW,CC01,5,IL
IL0975900,LCPW - PEKARA SUBDIVISION,S,R1,GW,R1,5,IL
IL0975900,LCPW - PEKARA SUBDIVISION,S,TP01,GW,TP01,5,IL
IL0975900,LCPW - PEKARA SUBDIVISION,S,TP02,GW,TP02,5,IL
IL0975900,LCPW - PEKARA SUBDIVISION,S,TP03,GW,TP03,5,IL
IL0975900,LCPW - PEKARA SUBDIVISION,S,TP04,GW,TP04,5,IL
IL0977350,WILDWOOD SUBDIVISION - LAKE CO PW,L,34122,SW,CC07,5,IL
IL0990300,LA SALLE,S,16264,GW,TP03,5,IL
IL0990500,MARSEILLES,S,TP05,GW,TP05,5,IL
IL0990500,MARSEILLES,S,TP06,GW,TP06,5,IL
IL0990550,MENDOTA,S,TP01,GW,TP01,5,IL
IL0990550,MENDOTA,S,TP03,GW,TP03,5,IL
IL0990550,MENDOTA,S,TP05,GW,TP05,5,IL
IL0990700,OGLESBY,S,TP01,GW,TP01,5,IL
IL0990800,OTTAWA,L,00001,GW,TP01,5,IL
IL0990800,OTTAWA,L,00002,GW,TP02,5,IL
IL0990850,PERU,L,00002,GW,TP02,5,IL
IL0995030,IL AMERICAN-STREATOR,L,00002,SW,TP02,5,IL
IL0995200,Prairie Path Water Co. - Lake Holiday,S,16310,GW,TP01,5,IL
IL1010150,LAWRENCEVILLE,S,TP08,GW,TP08,5,IL
IL1030200,DIXON,L,00001,GW,TP01,5,IL
IL1030200,DIXON,L,00002,GW,TP02,5,IL
IL1030200,DIXON,L,00003,GW,TP03,5,IL
IL1030200,DIXON,L,00004,GW,TP04,5,IL
IL1030200,DIXON,L,00005,GW,TP05,5,IL
IL1030200,DIXON,L,00006,GW,TP06,5,IL
IL1035100,"WOODHAVEN, IL",S,TP01,GW,TP01,5,IL
IL1050250,DWIGHT,S,16388,GW,TP07,5,IL
IL1050350,FAIRBURY,S,TP01,GW,TP01,5,IL
IL1055030,IL AMERICAN-PONTIAC,L,00001,SW,TP01,5,IL
IL1075030,IL American - Lincoln,L,00001,GW,TP01,5,IL
IL1075030,IL American - Lincoln,L,00002,GW,TP02,5,IL
IL1075030,IL American - Lincoln,L,44166,GU,TP03,5,IL
IL1090100,BLANDINSVILLE,S,10001,SW,TP01,5,IL
IL1090150,BUSHNELL,S,IL1090150,GW,TP01,5,IL
IL1090350,MACOMB,L,00001,MX,TP01,5,IL
IL1095510,WESTERN ILLINOIS UNIVERSITY,S,28049,SW,CO1B,5,IL
IL1110050,ALGONQUIN,L,00005,GW,TP05,5,IL
IL1110050,ALGONQUIN,L,00006,GW,TP06,5,IL
IL1110050,ALGONQUIN,L,00012,GW,TP12,5,IL
IL1110050,ALGONQUIN,L,00013,GW,TP13,5,IL
IL1110100,CARY,L,00001,GW,TP01,5,IL
IL1110100,CARY,L,00002,GW,TP02,5,IL
IL1110100,CARY,L,00003,GW,TP03,5,IL
IL1110100,CARY,L,00004,GW,TP04,5,IL
IL1110100,CARY,L,00005,GW,TP05,5,IL
IL1110100,CARY,L,00007,GW,TP07,5,IL
IL1110150,CRYSTAL LAKE,L,16464,GW,TP03,5,IL
IL1110150,CRYSTAL LAKE,L,16465,GW,TP04,5,IL
IL1110150,CRYSTAL LAKE,L,16466,GW,TP05,5,IL
IL1110150,CRYSTAL LAKE,L,16467,GW,TP06,5,IL
IL1110150,CRYSTAL LAKE,L,16468,GW,TP07,5,IL
IL1110200,FOX RIVER GROVE,S,TP01,GW,TP01,5,IL
IL1110200,FOX RIVER GROVE,S,TP02,GW,TP02,5,IL
IL1110250,HARVARD,S,16473,GW,TP02,5,IL
IL1110250,HARVARD,S,16474,GW,TP03,5,IL
IL1110250,HARVARD,S,39545,GW,TP04,5,IL
IL1110350,HUNTLEY,L,00004,GW,TP04,5,IL
IL1110350,HUNTLEY,L,00005,GW,TP05,5,IL
IL1110350,HUNTLEY,L,00006,GW,TP06,5,IL
IL1110350,HUNTLEY,L,00007,GW,TP07,5,IL
IL1110350,HUNTLEY,L,00009,GW,TP09,5,IL
IL1110400,LAKE IN THE HILLS,L,00004,GW,TP04,5,IL
IL1110400,LAKE IN THE HILLS,L,00005,GW,TP05,5,IL
IL1110400,LAKE IN THE HILLS,L,00006,GW,TP06,5,IL
IL1110400,LAKE IN THE HILLS,L,00007,GW,TP07,5,IL
IL1110400,LAKE IN THE HILLS,L,00008,GW,TP08,5,IL
IL1110400,LAKE IN THE HILLS,L,00009,GW,TP09,5,IL
IL1110400,LAKE IN THE HILLS,L,00010,GW,TP10,5,IL
IL1110400,LAKE IN THE HILLS,L,00011,GW,TP11,5,IL
IL1110600,MCHENRY,L,00001,GW,TP01,5,IL
IL1110600,MCHENRY,L,00002,GW,TP02,5,IL
IL1110600,MCHENRY,L,00005,GW,TP05,5,IL
IL1110600,MCHENRY,L,00006,GW,TP06,5,IL
IL1110650,MARENGO,S,TP02,GW,TP02,5,IL
IL1110650,MARENGO,S,TP05,GW,TP05,5,IL
IL1110950,"WOODSTOCK, IL",L,00001,GW,TP01,5,IL
IL1110950,"WOODSTOCK, IL",L,00002,GW,TP02,5,IL
IL1115700,Prairie Path Water Co. - Whispering Hills,S,16540,GW,TP01,5,IL
IL1115700,Prairie Path Water Co. - Whispering Hills,S,16541,GW,TP02,5,IL
IL1115700,Prairie Path Water Co. - Whispering Hills,S,16542,GW,TP03,5,IL
IL1115700,Prairie Path Water Co. - Whispering Hills,S,16543,GW,TP04,5,IL
IL1115700,Prairie Path Water Co. - Whispering Hills,S,16545,GW,TP06,5,IL
IL1115750,WONDER LAKE,S,TP03,GW,TP03,5,IL
IL1115750,WONDER LAKE,S,TP04,GW,TP04,5,IL
IL1115750,WONDER LAKE,S,TP05,GW,TP05,5,IL
IL1130200,"BLOOMINGTON, IL",L,00001,SW,TP01,5,IL
IL1130750,LE ROY,S,TP02,GW,TP02,5,IL
IL1130900,NORMAL,L,00001,GW,TP01,5,IL
IL1135510,ILLINOIS STATE UNIVERSITY-NORMAL,S,34305,GW,CC09,5,IL
IL1150150,DECATUR,L,00003,SW,TP03,5,IL
IL1150200,"FORSYTH, IL",S,10002,GW,TP02,5,IL
IL1150350,MOUNT ZION,S,CC03,SW,CC03,5,IL
IL1155150,LONG CREEK TOWNSHIP PWS,S,TP01,GW,TP01,5,IL
IL1170150,CARLINVILLE,S,16634,SW,TP01,5,IL
IL1170400,GILLESPIE,S,TP01,SW,TP01,5,IL
IL1170700,MOUNT OLIVE,S,10001,SW,EP1,5,IL
IL1171050,STAUNTON,S,40874,SW,TP02,5,IL
IL1171100,VIRDEN,S,26359,SW,CC01,5,IL
IL1174160,BRIGHTON,S,20001,SW,EP001,5,IL
IL1190080,TRITOWNSHIP WATER DISTRICT,S,26373,SW,CC01,5,IL
IL1190150,BETHALTO,L,16664,GW,TP01,5,IL
IL1190200,EAST ALTON,S,16666,GW,TP02,5,IL
IL1190250,EDWARDSVILLE,L,00001,GW,TP01,5,IL
IL1190300,GLEN CARBON,L,GENFIN,SW,GENFIN,5,IL
IL1190550,HIGHLAND,L,IL1190550,SW,TP02,5,IL
IL1190750,MARYVILLE,S,16677,GW,TP01,5,IL
IL1191000,"TROY, IL",L,00001,GW,TP01,5,IL
IL1191150,WOOD RIVER,L,16682,GW,TP01,5,IL
IL1194280,"COLLINSVILLE, IL",L,00001,GW,TP01,5,IL
IL1195030,IL AMERICAN-GRANITE CITY,L,00002,SW,TP02,5,IL
IL1195110,HOLIDAY SHORES SD,S,16686,SW,TP01,5,IL
IL1195150,IL AMERICAN-ALTON,L,00004,SW,TP04,5,IL
IL1195210,MITCHELL PWD,S,TP03,SW,TP03,5,IL
IL1195220,FOSTERBURG PWD,S,26403,SW,CC04,5,IL
IL1195250,MORO PWD,S,26405,GW,CC01,5,IL
IL1195280,NORTH EAST CENTRAL PWD,S,00001,GW,SS00001,5,IL
IL1195300,PONTOON BEACH PWD,S,3959,SW,PB003,5,IL
IL1195550,SOUTHERN IL UNIVERSITY-EDWARDSVILLE,S,CC02,GW,CC02,5,IL
IL1210030,NORTH EAST MARION COUNTY WATER CMPNY,S,35203,SW,CC02,5,IL
IL1210300,KINMUNDY,S,20001,SW,EP001,5,IL
IL1210450,SALEM,S,TP01,SW,TP01,5,IL
IL1214220,CENTRALIA,L,90002,SW,TP02,5,IL
IL1215100,RACCOON WATER COMPANY,S,TP02,SW,TP02,5,IL
IL1215100,RACCOON WATER COMPANY,S,TP03,SW,TP03,5,IL
IL1215100,RACCOON WATER COMPANY,S,TP04,SW,TP04,5,IL
IL1250200,HAVANA,S,16736,GW,TP01,5,IL
IL1270150,METROPOLIS,S,TP07,GW,TP07,5,IL
IL1275050,FORT MASSAC PWD,S,20001,GW,EP001,5,IL
IL1290050,ATHENS,S,16756,GW,TP01,5,IL
IL1290200,PETERSBURG,S,TP02,GW,TP02,5,IL
IL1310050,ALEDO,S,33060,GW,TP03,5,IL
IL1330020,FOUNTAIN WATER DISTRICT,S,16786,GW,TP01,5,IL
IL1330050,COLUMBIA,L,35002,SW,CC05,5,IL
IL1330250,VALMEYER,S,26445,GW,CC02,5,IL
IL1330300,WATERLOO,L,00002,SW,CC02,5,IL
IL1350300,HILLSBORO,S,TP01,SW,TP01,5,IL
IL1350400,LITCHFIELD,S,39615,SW,TP03,5,IL
IL1370020,ALEXANDER WATER DISTRICT,S,10001,SW,EP1,5,IL
IL1370200,JACKSONVILLE,L,41400,MX,TP02,5,IL
IL1370400,SOUTH JACKSONVILLE,S,16806,GW,TP02,5,IL
IL1370400,SOUTH JACKSONVILLE,S,32993,GW,TP03,5,IL
IL1390300,SULLIVAN,S,16814,GW,TP01,5,IL
IL1410100,"BYRON, IL",S,TP02,GW,TP02,5,IL
IL1410100,"BYRON, IL",S,TP05,GW,TP05,5,IL
IL1410100,"BYRON, IL",S,TP06,GW,TP06,5,IL
IL1410400,OREGON,S,TP01,GW,TP01,5,IL
IL1410400,OREGON,S,TP02,GW,TP02,5,IL
IL1410400,OREGON,S,TP03,GW,TP03,5,IL
IL1410400,OREGON,S,TP04,GW,TP04,5,IL
IL1410500,ROCHELLE,S,16842,GW,TP03,5,IL
IL1410500,ROCHELLE,S,16846,GW,TP07,5,IL
IL1410500,ROCHELLE,S,16848,GW,TP09,5,IL
IL1410500,ROCHELLE,S,33564,GW,TP10,5,IL
IL1410500,ROCHELLE,S,41072,GW,TP11,5,IL
IL1430200,CHILLICOTHE,S,TP01,GW,TP01,5,IL
IL1430200,CHILLICOTHE,S,TP02,GW,TP02,5,IL
IL1430200,CHILLICOTHE,S,TP03,GW,TP03,5,IL
IL1430200,CHILLICOTHE,S,TP04,GW,TP04,5,IL
IL1430200,CHILLICOTHE,S,TP05,GW,TP05,5,IL
IL1430200,CHILLICOTHE,S,TP06,GW,TP06,5,IL
IL1430200,CHILLICOTHE,S,TP07,GW,TP07,5,IL
IL1434750,PEORIA HEIGHTS,S,TP01,GW,TP01,5,IL
IL1435030,IL AMERICAN-PEORIA,L,00001,MX,TP01,5,IL
IL1435030,IL AMERICAN-PEORIA,L,00002,GW,TP02,5,IL
IL1435030,IL AMERICAN-PEORIA,L,00013,GW,TP13,5,IL
IL1435030,IL AMERICAN-PEORIA,L,00014,GW,TP14,5,IL
IL1435470,PLEASANT VALLEY PWD,S,16919,GW,TP01,5,IL
IL1435470,PLEASANT VALLEY PWD,S,26477,GW,TP02,5,IL
IL1435470,PLEASANT VALLEY PWD,S,16920,GW,TP03,5,IL
IL1450100,DUQUOIN,S,10001,SW,EP001,5,IL
IL1450150,PINCKNEYVILLE,S,16935,SW,TP03,5,IL
IL1470350,MONTICELLO,S,16951,GW,TP01,5,IL
IL1490750,PITTSFIELD,S,TP02,GW,TP02,5,IL
IL1495000,PIKE COUNTY PWD 1,S,16974,GW,TP01,5,IL
IL1495000,PIKE COUNTY PWD 1,S,16975,GW,TP02,5,IL
IL1515050,MILLSTONE PWD,S,16978,GW,TP04,5,IL
IL1570100,CHESTER,S,TP03,SW,TP03,5,IL
IL1570450,RED BUD,S,17030,GW,TP12,5,IL
IL1570600,SPARTA,S,17034,SW,TP01,5,IL
IL1590200,OLNEY,S,TP05,SW,TP05,5,IL
IL1595050,WEST LIBERTY-DUNDAS WATER DISTRICT,S,001,SW,001,5,IL
IL1610050,IL AMERICAN-ANDALUSIA,S,20001,GW,EP001,5,IL
IL1610250,EAST MOLINE,L,00001,SW,TP01,5,IL
IL1610400,MILAN,S,17073,GW,TP02,5,IL
IL1610400,MILAN,S,17074,GW,TP03,5,IL
IL1610450,MOLINE,L,17076,SW,TP01,5,IL
IL1610650,ROCK ISLAND,L,00001,SW,TP01,5,IL
IL1610700,SILVIS,S,17080,GW,TP01,5,IL
IL1614260,COAL VALLEY,S,TP01,GW,TP01,5,IL
IL1614260,COAL VALLEY,S,TP02,GW,TP02,5,IL
IL1614260,COAL VALLEY,S,TP03,GW,TP03,5,IL
IL1615387,"ROCK ISLAND ARSENAL, US ARMY",S,IL1615387,SW,TP01,5,IL
IL1630250,CASEYVILLE,L,26544,SW,CC02,5,IL
IL1630350,DUPO,S,17170,GW,TP03,5,IL
IL1630600,FREEBURG,S,TP01,SW,TP01,5,IL
IL1630600,FREEBURG,S,TP02,SW,TP02,5,IL
IL1630650,LEBANON,S,TP01,SW,TP01,5,IL
IL1630800,MASCOUTAH,S,CC01,SW,CC01,5,IL
IL1630850,MILLSTADT,S,26553,SW,CC02,5,IL
IL1631100,O FALLON,L,00001,SW,CC01,5,IL
IL1635000,CAHOKIA HEIGHTS,L,90001,SW,EP001,5,IL
IL1635040,IL AMERICAN-EAST ST LOUIS,L,00009,SW,TP09,5,IL
IL1635237,"AMERICAN WATER OPER AND MAINTENANCE, LLC",S,10001,SW,EP1,5,IL
IL1650200,HARRISBURG,S,20001,GW,EP001,5,IL
IL1655030,ELDORADO,S,4109,GW,EP4109,5,IL
IL1655300,SALINE VALLEY CONSERVANCY DISTRICT,S,10002,GW,EPPURCH,5,IL
IL1655300,SALINE VALLEY CONSERVANCY DISTRICT,S,TP01,GW,TP01,5,IL
IL1670050,"AUBURN, IL",S,10001,SW,EP001,5,IL
IL1670300,CHATHAM,L,40451,GW,CC03,5,IL
IL1670950,RIVERTON,S,TP02,GW,TP02,5,IL
IL1671000,ROCHESTER,S,20001,SW,01,5,IL
IL1671200,"SPRINGFIELD, IL",L,00001,SW,TP01,5,IL
IL1671300,WILLIAMSVILLE,S,20001,SW,EP001,5,IL
IL1675350,CURRAN-GARDNER TOWNSHIP PWD,S,17211,GW,TP01,5,IL
IL1710100,BLUFFS,S,20001,GW,TP01,5,IL
IL1730300,SHELBYVILLE,S,17226,GW,TP01,5,IL
IL1770200,FREEPORT,L,00001,GW,TP01,5,IL
IL1770200,FREEPORT,L,00004,GW,TP04,5,IL
IL1770200,FREEPORT,L,00005,GW,TP05,5,IL
IL1770200,FREEPORT,L,02128,GW,TP06,5,IL
IL1790100,CREVE COEUR,S,17272,GW,TP01,5,IL
IL1790200,EAST PEORIA,L,TP03,GW,TP03,5,IL
IL1790200,EAST PEORIA,L,TP04,GW,TP04,5,IL
IL1790200,EAST PEORIA,L,TP06,GW,TP06,5,IL
IL1790200,EAST PEORIA,L,TP07,GW,TP07,5,IL
IL1790200,EAST PEORIA,L,TP08,GW,TP08,5,IL
IL1790200,EAST PEORIA,L,TP11,GW,TP11,5,IL
IL1790350,MACKINAW,S,33095,GW,TP02,5,IL
IL1790500,MORTON,L,00001,GW,TP01,5,IL
IL1790500,MORTON,L,00002,GW,TP02,5,IL
IL1790500,MORTON,L,00003,GW,TP03,5,IL
IL1790750,"WASHINGTON, IL",L,00001,GW,TP01,5,IL
IL1790750,"WASHINGTON, IL",L,00002,GW,TP02,5,IL
IL1795040,IL AMERICAN-PEKIN,L,00001,GW,TP01,5,IL
IL1795040,IL AMERICAN-PEKIN,L,00002,GW,TP02,5,IL
IL1795040,IL AMERICAN-PEKIN,L,00003,GW,TP03,5,IL
IL1795040,IL AMERICAN-PEKIN,L,00005,GW,TP05,5,IL
IL1795040,IL AMERICAN-PEKIN,L,00006,GW,TP06,5,IL
IL1795040,IL AMERICAN-PEKIN,L,00008,GW,TP08,5,IL
IL1795040,IL AMERICAN-PEKIN,L,00010,GW,TP10,5,IL
IL1795730,LAKE WINDERMERE ESTATES SUBDIVISION,S,17330,GW,EP001,5,IL
IL1795730,LAKE WINDERMERE ESTATES SUBDIVISION,S,17331,GW,EP002,5,IL
IL1795780,NORTH TAZEWELL PWD,S,17334,GW,TP01,5,IL
IL1810050,ANNA,S,20001,GW,EP001,5,IL
IL1830350,GEORGETOWN,S,TP02,GW,TP02,5,IL
IL1830450,HOOPESTON,S,TP01,GW,TP01,5,IL
IL1830950,WESTVILLE,S,26631,SW,CC03,5,IL
IL1835120,AQUA ILLINOIS-VERMILION COUNTY,L,00001,SW,TP01,5,IL
IL1850200,MOUNT CARMEL,S,17416,GU,TP02,5,IL
IL1870150,MONMOUTH,S,TP05,GW,TP05,5,IL
IL1870150,MONMOUTH,S,TP06,GW,TP06,5,IL
IL1890300,NASHVILLE,S,TP03,SW,TP03,5,IL
IL1895600,WASHINGTON COUNTY WATER COMPANY,L,26651,SW,CC03,5,IL
IL1895600,WASHINGTON COUNTY WATER COMPANY,L,40761,SW,CC06,5,IL
IL1895600,WASHINGTON COUNTY WATER COMPANY,L,40762,SW,CC08,5,IL
IL1895600,WASHINGTON COUNTY WATER COMPANY,L,40764,SW,CC10,5,IL
IL1910100,FAIRFIELD,S,1910100,SW,TP05,5,IL
IL1930100,CARMI,S,TP08,GW,TP08,5,IL
IL1950250,FULTON,S,17482,GW,TP01,5,IL
IL1950250,FULTON,S,17483,GW,TP02,5,IL
IL1950350,MORRISON,S,TP02,GW,TP02,5,IL
IL1950350,MORRISON,S,TP03,GW,TP03,5,IL
IL1950450,ROCK FALLS,S,17492,GW,TP01,5,IL
IL1955040,IL AMERICAN-STERLING,L,00001,GW,TP01,5,IL
IL1955040,IL AMERICAN-STERLING,L,00002,GW,TP02,5,IL
IL1970050,BEECHER,S,17512,GW,TP03,5,IL
IL1970050,BEECHER,S,17513,GW,TP04,5,IL
IL1970050,BEECHER,S,39560,GW,TP05,5,IL
IL1970100,IL AMERICAN-HOMER TOWNSHIP,L,00007,SW,CC07,5,IL
IL1970150,BRAIDWOOD,S,TP05,GW,TP05,5,IL
IL1970200,CHANNAHON,S,33491,GW,TP04,5,IL
IL1970200,CHANNAHON,S,34440,GW,TP06,5,IL
IL1970200,CHANNAHON,S,35044,GW,TP07,5,IL
IL1970250,CREST HILL,L,00001,GW,TP01,5,IL
IL1970250,CREST HILL,L,00003,GW,TP03,5,IL
IL1970250,CREST HILL,L,00005,GW,TP05,5,IL
IL1970250,CREST HILL,L,00006,GW,TP06,5,IL
IL1970250,CREST HILL,L,00007,GW,TP07,5,IL
IL1970250,CREST HILL,L,00008,GW,TP08,5,IL
IL1970250,CREST HILL,L,00009,GW,TP09,5,IL
IL1970300,CRETE,S,TP01,GW,TP01,5,IL
IL1970300,CRETE,S,TP02,GW,TP02,5,IL
IL1970300,CRETE,S,TP04,GW,TP04,5,IL
IL1970300,CRETE,S,TP06,GW,TP06,5,IL
IL1970300,CRETE,S,TP07,GW,TP07,5,IL
IL1970400,FRANKFORT,L,00003,GW,TP03,5,IL
IL1970400,FRANKFORT,L,00006,GW,TP06,5,IL
IL1970400,FRANKFORT,L,00007,GW,TP07,5,IL
IL1970400,FRANKFORT,L,00009,GW,TP09,5,IL
IL1970400,FRANKFORT,L,00010,GW,TP10,5,IL
IL1970400,FRANKFORT,L,00012,GW,TP12,5,IL
IL1970450,JOLIET,L,17556,GW,TP01,5,IL
IL1970450,JOLIET,L,17561,GW,TP06,5,IL
IL1970450,JOLIET,L,17563,GW,TP08,5,IL
IL1970450,JOLIET,L,17564,GW,TP09,5,IL
IL1970450,JOLIET,L,17565,GW,TP10,5,IL
IL1970450,JOLIET,L,17566,GW,TP11,5,IL
IL1970450,JOLIET,L,17567,GW,TP12,5,IL
IL1970450,JOLIET,L,33066,GW,TP14,5,IL
IL1970450,JOLIET,L,35135,GW,TP19,5,IL
IL1970450,JOLIET,L,40137,GW,TP20,5,IL
IL1970450,JOLIET,L,40511,GW,TP21,5,IL
IL1970500,LOCKPORT,L,00004,GW,TP04,5,IL
IL1970500,LOCKPORT,L,00011,GW,TP11,5,IL
IL1970500,LOCKPORT,L,00012,GW,TP12,5,IL
IL1970500,LOCKPORT,L,00013,GW,TP13,5,IL
IL1970500,LOCKPORT,L,00014,GW,TP14,5,IL
IL1970500,LOCKPORT,L,00015,GW,TP15,5,IL
IL1970500,LOCKPORT,L,IL1970500,GW,TP16,5,IL
IL1970550,MANHATTAN,S,17575,GW,TP03,5,IL
IL1970550,MANHATTAN,S,35420,GW,TP05,5,IL
IL1970600,MOKENA,L,33418,SW,CC06,5,IL
IL1970650,MONEE,S,17583,GW,TP02,5,IL
IL1970650,MONEE,S,33042,GW,TP03,5,IL
IL1970650,MONEE,S,43570,GW,TP04,5,IL
IL1970700,NEW LENOX,L,00011,SW,CC11,5,IL
IL1970750,AQUA ILLINOIS-PEOTONE,S,17598,GW,TP02,5,IL
IL1970750,AQUA ILLINOIS-PEOTONE,S,17599,GW,TP03,5,IL
IL1970800,PLAINFIELD,L,33966,SW,CC05,5,IL
IL1970900,ROMEOVILLE,L,00001,GW,TP01,5,IL
IL1970900,ROMEOVILLE,L,00002,GW,TP02,5,IL
IL1970900,ROMEOVILLE,L,00004,GW,TP04,5,IL
IL1970900,ROMEOVILLE,L,00005,GW,TP05,5,IL
IL1970900,ROMEOVILLE,L,00006,GW,TP06,5,IL
IL1970900,ROMEOVILLE,L,00007,GW,TP07,5,IL
IL1970900,ROMEOVILLE,L,00009,GW,TP09,5,IL
IL1970900,ROMEOVILLE,L,00012,GW,TP12,5,IL
IL1971100,WILMINGTON,S,17619,SW,TP03,5,IL
IL1974151,IL AMERICAN-WEST SUBURBAN,L,00001,SW,CC01,5,IL
IL1975030,AQUA ILLINOIS-UNIVERSITY PARK,S,CC01,SW,CC01,5,IL
IL1975080,"SHOREWOOD, IL",L,00002,GW,TP02,5,IL
IL1975080,"SHOREWOOD, IL",L,00004,GW,TP04,5,IL
IL1975080,"SHOREWOOD, IL",L,00005,GW,TP05,5,IL
IL1975080,"SHOREWOOD, IL",L,00006,GW,TP06,5,IL
IL1975080,"SHOREWOOD, IL",L,00007,GW,TP07,5,IL
IL1975480,CRYSTAL LAWNS ADDITION IMPROVEMENT ASSOC,S,17700,GW,TP01,5,IL
IL1975480,CRYSTAL LAWNS ADDITION IMPROVEMENT ASSOC,S,17701,GW,TP02,5,IL
IL1975480,CRYSTAL LAWNS ADDITION IMPROVEMENT ASSOC,S,17702,GW,TP03,5,IL
IL1975480,CRYSTAL LAWNS ADDITION IMPROVEMENT ASSOC,S,17703,GW,TP04,5,IL
IL1975480,CRYSTAL LAWNS ADDITION IMPROVEMENT ASSOC,S,17704,GW,TP05,5,IL
IL1977870,AQUA ILLINOIS-WILLOWBROOK,S,TP01,GW,TP01,5,IL
IL1977870,AQUA ILLINOIS-WILLOWBROOK,S,TP02,GW,TP02,5,IL
IL1977870,AQUA ILLINOIS-WILLOWBROOK,S,TP03,GW,TP03,5,IL
IL1990150,CARTERVILLE,S,26678,SW,CC02,5,IL
IL1990400,HERRIN,L,26683,SW,CC02,5,IL
IL1990500,JOHNSTON CITY,S,20001,SW,EP001,5,IL
IL1990550,MARION,L,00002,SW,CC02,5,IL
IL1995120,CORINTH PWD,S,GENFIN,SW,GENFIN,5,IL
IL1995200,LAKE OF EGYPT PWD,L,17765,SW,TP03,5,IL
IL1995250,COAL VALLEY PWD,S,GENFIN,SW,GENFIN,5,IL
IL2010050,CHERRY VALLEY,S,TP01,GW,TP01,5,IL
IL2010050,CHERRY VALLEY,S,TP02,GW,TP02,5,IL
IL2010050,CHERRY VALLEY,S,TP03,GW,TP03,5,IL
IL2010050,CHERRY VALLEY,S,TP05,GW,TP05,5,IL
IL2010150,LOVES PARK,L,00002,GW,TP02,5,IL
IL2010150,LOVES PARK,L,00003,GW,TP03,5,IL
IL2010150,LOVES PARK,L,00005,GW,TP05,5,IL
IL2010150,LOVES PARK,L,00013,GW,TP13,5,IL
IL2010300,"ROCKFORD, IL",L,00001,GW,TP01,5,IL
IL2010300,"ROCKFORD, IL",L,00002,GW,TP02,5,IL
IL2010300,"ROCKFORD, IL",L,00004,GW,TP04,5,IL
IL2010300,"ROCKFORD, IL",L,00005,GW,TP05,5,IL
IL2010300,"ROCKFORD, IL",L,00008,GW,TP08,5,IL
IL2010300,"ROCKFORD, IL",L,00009,GW,TP09,5,IL
IL2010300,"ROCKFORD, IL",L,00012,GW,TP12,5,IL
IL2010300,"ROCKFORD, IL",L,00016,GW,TP16,5,IL
IL2010300,"ROCKFORD, IL",L,00019,GW,TP19,5,IL
IL2010300,"ROCKFORD, IL",L,00020,GW,TP20,5,IL
IL2010300,"ROCKFORD, IL",L,00021,GW,TP21,5,IL
IL2010300,"ROCKFORD, IL",L,00024,GW,TP24,5,IL
IL2010300,"ROCKFORD, IL",L,00027,GW,TP27,5,IL
IL2010300,"ROCKFORD, IL",L,00028,GW,TP28,5,IL
IL2010300,"ROCKFORD, IL",L,00029,GW,TP29,5,IL
IL2010300,"ROCKFORD, IL",L,00032,GW,TP32,5,IL
IL2010300,"ROCKFORD, IL",L,00034,GW,TP34,5,IL
IL2010300,"ROCKFORD, IL",L,00035,GW,TP35,5,IL
IL2010300,"ROCKFORD, IL",L,00036,GW,TP36,5,IL
IL2010300,"ROCKFORD, IL",L,00037,GW,TP37,5,IL
IL2010300,"ROCKFORD, IL",L,00038,GW,TP38,5,IL
IL2010300,"ROCKFORD, IL",L,00039,GW,TP39,5,IL
IL2010300,"ROCKFORD, IL",L,00040,GW,TP40,5,IL
IL2010350,ROCKTON,S,17826,GW,TP01,5,IL
IL2010350,ROCKTON,S,17827,GW,TP02,5,IL
IL2010350,ROCKTON,S,17828,GW,TP03,5,IL
IL2010350,ROCKTON,S,40693,GW,TP05,5,IL
IL2010450,IL AMERICAN-SOUTH BELOIT,S,2001,GW,EP001,5,IL
IL2015500,NORTH PARK PWD,L,00002,GW,TP02,5,IL
IL2015500,NORTH PARK PWD,L,00003,GW,TP03,5,IL
IL2015500,NORTH PARK PWD,L,00004,GW,TP04,5,IL
IL2030200,EUREKA,S,17929,GW,TP04,5,IL
IL2030350,METAMORA,S,TP02,GW,TP02,5,IL
IL2035030,CATERPILLAR TRAIL PWD,S,33199,GW,TP03,5,IL
IL2035100,LOW POINT WATER DISTRICT,S,20001,GW,EP001,5,IL
IL3004572,EISENHOWER ACADEMY,S,22758,GW,GK0308010,5,IL
IL3090290,SHERRARD JR/SR HIGH SCHOOL,S,10001,GW,EP1,5,IL
IL3154633,LUTHERAN GENERAL HOSPITAL,S,20001,SW,EP1,5,IL
IL3155606,U OF I CHICAGO MEDICAL CENTER,S,20001,SW,EP1,5,IL
IL3157487,NORTHSHORE UNIV GLENBROOK,S,20001,SW,EP001,5,IL
IL3158048,NORTHSHORE UNIVERSITY EVANSTON,S,10001,SW,EP001,5,IL
IL3161232,CAPTAIN JAMES A LOVELL FHCC,L,10001,SW,EP001,5,IL
IL3162461,ADVOCATE CHRIST MEDICAL CENTER,S,10001,SW,EP1,5,IL
