sample_id,PFBS,PFHxA,PFHxS,PFOA,PFOS,PFPeA
MO1010061_CC80219_2024-01-22_SE1,< 0.003,< 0.003,< 0.003,< 0.004,< 0.004,< 0.003
MO1010080_CC80190_2024-01-29_SE1,< 0.003,< 0.003,< 0.003,< 0.004,< 0.004,< 0.003
MO1010080_CC80221_2024-01-29_SE1,< 0.003,< 0.003,< 0.003,< 0.004,< 0.004,< 0.003
MO1010080_CC80572_2024-01-29_SE1,< 0.003,< 0.003,< 0.003,< 0.004,< 0.004,< 0.003
MO1010118_TP50152_2024-03-04_SE1,< 0.003,< 0.003,< 0.003,< 0.004,< 0.004,< 0.003
MO1010131_TP50154_2025-02-10_SE1,< 0.003,< 0.003,< 0.003,< 0.004,< 0.004,< 0.003
MO1010177_TP50159_2024-01-02_SE1,< 0.003,< 0.003,< 0.003,< 0.004,< 0.004,< 0.003
MO1010261_TP50405_2024-04-16_SE1,< 0.003,< 0.003,< 0.003,< 0.004,< 0.004,< 0.003
MO1010307_TP50170_2024-04-16_SE1,< 0.003,< 0.003,< 0.003,< 0.004,< 0.004,< 0.003
MO1010320_CC80192_2024-04-10_SE1,< 0.003,< 0.003,< 0.003,< 0.004,< 0.004,< 0.003
MO1010320_CC80512_2024-04-10_SE1,< 0.003,< 0.003,< 0.003,< 0.004,< 0.004,< 0.003
MO1010349_TP50173_2025-01-14_SE1,< 0.003,< 0.003,< 0.003,< 0.004,< 0.004,< 0.003
MO1010363_TP50174_2024-01-24_SE1,< 0.003,< 0.003,< 0.003,< 0.004,< 0.004,< 0.003
MO1010399_TP50087_2024-04-09_SE1,< 0.003,< 0.003,< 0.003,< 0.004,< 0.004,< 0.003
MO1010415_CC80855_2024-01-23_SE1,< 0.003,< 0.003,< 0.003,< 0.004,< 0.004,< 0.003
MO1010415_TP50062_2024-01-23_SE1,< 0.003,< 0.003,< 0.003,< 0.004,< 0.004,< 0.003
MO1010416_CC80493_2024-01-08_SE1,< 0.003,< 0.003,< 0.003,< 0.004,< 0.004,< 0.003
MO1010416_TP50074_2024-01-08_SE1,< 0.003,< 0.003,< 0.003,< 0.004,< 0.004,< 0.003
MO1010459_CC80193_2024-01-24_SE1,< 0.003,< 0.003,< 0.003,< 0.004,< 0.004,< 0.003
MO1010459_CC80223_2024-01-24_SE1,< 0.003,< 0.003,< 0.003,< 0.004,< 0.004,< 0.003
MO1010464_EP1_2025-02-11_SE1,< 0.003,< 0.003,< 0.003,< 0.004,< 0.004,< 0.003
MO1010466_TP50196_2024-04-16_SE1,< 0.003,< 0.003,< 0.003,< 0.004,< 0.004,< 0.003
MO1010508_TP50197_2024-02-20_SE1,< 0.003,< 0.003,< 0.003,< 0.004,< 0.004,< 0.003
MO1010548_TP50200_2025-02-10_SE1,< 0.003,< 0.003,< 0.003,< 0.004,< 0.004,< 0.003
MO1010580_TP50202_2024-03-05_SE1,< 0.003,< 0.003,0.0052,< 0.004,< 0.004,0.0031
MO1010589_CC80194_2024-04-08_SE1,< 0.003,< 0.003,< 0.003,< 0.004,< 0.004,< 0.003
MO1010599_TP50364_2025-04-14_SE1,< 0.003,< 0.003,< 0.003,< 0.004,< 0.004,< 0.003
MO1010625_TP50473_2024-04-09_SE1,< 0.003,< 0.003,< 0.003,< 0.004,< 0.004,< 0.003
MO1010633_CC80840_2024-01-08_SE1,< 0.003,< 0.003,< 0.003,< 0.004,< 0.004,< 0.003
MO1010646_CC80227_2024-01-08_SE1,< 0.003,< 0.003,< 0.003,< 0.004,< 0.004,< 0.003
MO1010649_CC80439_2024-01-10_SE1,< 0.003,< 0.003,< 0.003,< 0.004,< 0.004,< 0.003
MO1010649_CC80567_2024-01-10_SE1,< 0.003,< 0.003,< 0.003,< 0.004,< 0.004,< 0.003
MO1010675_CC80228_2024-01-08_SE1,< 0.003,< 0.003,< 0.003,< 0.004,< 0.004,< 0.003
MO1010675_CC80870_2024-01-08_SE1,< 0.003,< 0.003,< 0.003,< 0.004,< 0.004,< 0.003
MO1010676_CC80229_2024-02-15_SE1,< 0.003,< 0.003,< 0.003,< 0.004,< 0.004,< 0.003
MO1010685_TP50076_2023-05-09_SE1,< 0.003,< 0.003,< 0.003,< 0.004,< 0.004,< 0.003
MO1010714_TP50379_2024-04-03_SE1,< 0.003,< 0.003,< 0.003,< 0.004,< 0.004,< 0.003
MO1010724_TP50428_2025-01-15_SE1,< 0.003,< 0.003,< 0.003,< 0.004,< 0.004,< 0.003
MO1010748_TP50228_2025-02-03_SE1,< 0.003,< 0.003,< 0.003,< 0.004,< 0.004,< 0.003
MO1010833_TP50239_2024-04-01_SE1,< 0.003,< 0.003,< 0.003,< 0.004,< 0.004,< 0.003
MO1020869_CC80707_2024-04-08_SE1,< 0.003,< 0.003,< 0.003,< 0.004,< 0.004,< 0.003
MO1024004_CC80404_2024-04-10_SE1,< 0.003,< 0.003,< 0.003,< 0.004,< 0.004,< 0.003
MO1024005_CC80405_2024-04-08_SE1,< 0.003,< 0.003,< 0.003,< 0.004,< 0.004,< 0.003
MO1024005_CC80625_2024-04-08_SE1,< 0.003,< 0.003,< 0.003,< 0.004,< 0.004,< 0.003
MO1024111_TP50098_2025-04-29_SE1,< 0.003,< 0.003,< 0.003,< 0.004,< 0.004,0.0034
MO1024114_CC80232_2024-01-10_SE1,< 0.003,< 0.003,< 0.003,< 0.004,< 0.004,< 0.003
MO1024118_CC80445_2024-04-10_SE1,< 0.003,< 0.003,< 0.003,< 0.004,< 0.004,< 0.003
MO1024143_CC80611_2024-04-09_SE1,< 0.003,< 0.003,< 0.003,< 0.004,< 0.004,< 0.003
MO1024143_TP50093_2024-04-09_SE1,< 0.003,< 0.003,< 0.003,< 0.004,< 0.004,< 0.003
MO1024146_CC80234_2024-01-08_SE1,< 0.003,< 0.003,< 0.003,< 0.004,< 0.004,< 0.003
MO1024149_CC80651_2024-01-08_SE1,< 0.003,< 0.003,< 0.003,< 0.004,< 0.004,< 0.003
MO1024155_CC80058_2025-02-19_SE1,< 0.003,< 0.003,< 0.003,< 0.004,< 0.004,< 0.003
MO1024155_CC80675_2025-02-19_SE1,< 0.003,< 0.003,< 0.003,< 0.004,< 0.004,< 0.003
MO1024156_CC80348_2025-02-11_SE1,< 0.003,< 0.003,< 0.003,< 0.004,< 0.004,< 0.003
MO1024191_CC80408_2024-04-09_SE1,< 0.003,< 0.003,< 0.003,< 0.004,< 0.004,< 0.003
MO1024191_CC80626_2024-04-09_SE1,< 0.003,< 0.003,< 0.003,< 0.004,< 0.004,< 0.003
MO1024242_TP50359_2024-06-24_SE1,< 0.003,< 0.003,< 0.003,< 0.004,< 0.004,< 0.003
MO1024275_CC80237_2024-04-22_SE1,< 0.003,< 0.003,< 0.003,< 0.004,< 0.004,< 0.003
MO1024276_CC80198_2024-02-12_SE1,< 0.003,< 0.003,< 0.003,< 0.004,< 0.004,< 0.003
MO1024276_CC80463_2024-02-12_SE1,< 0.003,< 0.003,< 0.003,< 0.004,< 0.004,< 0.003
MO1024278_CC80547_2024-01-08_SE1,< 0.003,< 0.003,< 0.003,< 0.004,< 0.004,< 0.003
MO1024278_CC80548_2024-01-08_SE1,< 0.003,< 0.003,< 0.003,< 0.004,< 0.004,< 0.003
MO1024279_CC80446_2024-04-08_SE1,< 0.003,< 0.003,< 0.003,< 0.004,< 0.004,< 0.003
MO1024281_CC80200_2024-04-08_SE1,< 0.003,< 0.003,< 0.003,< 0.004,< 0.004,< 0.003
MO1024309_TP19092_2024-04-08_SE1,< 0.003,< 0.003,< 0.003,< 0.004,< 0.004,< 0.003
MO1024310_TP50266_2024-04-22_SE1,< 0.003,< 0.003,< 0.003,< 0.004,< 0.004,< 0.003
MO1024311_TP16978_2024-05-08_SE1,< 0.003,< 0.003,< 0.003,< 0.004,< 0.004,< 0.003
MO1024311_TP50129_2024-05-08_SE1,< 0.003,< 0.003,< 0.003,< 0.004,< 0.004,< 0.003
MO1024324_CC80202_2024-04-08_SE1,< 0.003,< 0.003,< 0.003,< 0.004,< 0.004,< 0.003
MO1024326_CC80115_2024-02-05_SE1,< 0.003,< 0.003,< 0.003,< 0.004,< 0.004,< 0.003
MO1024326_CC80185_2024-02-05_SE1,< 0.003,< 0.003,< 0.003,< 0.004,< 0.004,< 0.003
MO1024326_CC80297_2024-02-05_SE1,< 0.003,< 0.003,< 0.003,< 0.004,< 0.004,< 0.003
MO1024326_CC80451_2024-02-05_SE1,< 0.003,< 0.003,< 0.003,< 0.004,< 0.004,< 0.003
MO1024326_CC80585_2024-02-05_SE1,< 0.003,< 0.003,< 0.003,< 0.004,< 0.004,< 0.003
MO1024428_CC80302_2024-01-09_SE1,< 0.003,< 0.003,< 0.003,< 0.004,< 0.004,< 0.003
MO1024478_CC80479_2024-01-09_SE1,< 0.003,< 0.003,< 0.003,< 0.004,< 0.004,< 0.003
MO1024478_TP50393_2024-01-09_SE1,< 0.003,< 0.003,0.0033,< 0.004,< 0.004,0.0032
MO1024479_CC80240_2024-01-08_SE1,< 0.003,< 0.003,< 0.003,< 0.004,< 0.004,< 0.003
MO1024511_TP50271_2023-01-18_SE1,< 0.003,< 0.003,< 0.003,< 0.004,< 0.004,< 0.003
MO1079501_TP50284_2023-06-12_SE1,< 0.003,< 0.003,< 0.003,< 0.004,< 0.004,< 0.003
MO2010093_CC80666_2024-02-06_SE1,< 0.003,< 0.003,< 0.003,< 0.004,< 0.004,< 0.003
MO2010093_TP50139_2024-02-06_SE1,< 0.003,< 0.003,< 0.003,< 0.004,< 0.004,< 0.003
MO2010105_TP50034_2024-02-07_SE1,< 0.003,< 0.003,< 0.003,< 0.004,< 0.004,< 0.003
MO2010140_TP50130_2024-02-05_SE1,< 0.003,< 0.003,< 0.003,< 0.004,< 0.004,< 0.003
MO2010162_TP50297_2024-02-05_SE1,< 0.003,< 0.003,< 0.003,< 0.004,< 0.004,< 0.003
MO2010344_TP50052_2024-02-14_SE1,< 0.003,< 0.003,< 0.003,< 0.004,< 0.004,< 0.003
MO2010429_TP50056_2024-03-13_SE1,< 0.003,< 0.003,< 0.003,< 0.004,< 0.004,< 0.003
MO2010479_TP50350_2025-04-23_SE1,< 0.003,< 0.003,< 0.003,< 0.004,< 0.004,< 0.003
MO2010487_TP50054_2024-02-05_SE1,< 0.003,< 0.003,< 0.003,< 0.004,< 0.004,< 0.003
MO2010502_TP50122_2024-02-12_SE1,< 0.003,< 0.003,< 0.003,< 0.004,< 0.004,< 0.003
MO2010519_TP50138_2024-02-07_SE1,< 0.003,< 0.003,< 0.003,< 0.004,< 0.004,< 0.003
MO2010533_TP50248_2024-02-15_SE1,< 0.003,< 0.003,< 0.003,< 0.004,< 0.004,< 0.003
MO2010538_TP50057_2023-03-22_SE1,< 0.003,< 0.003,< 0.003,< 0.004,< 0.004,< 0.003
MO2010623_TP50037_2024-04-08_SE1,< 0.003,< 0.003,< 0.003,< 0.004,< 0.004,< 0.003
MO2010737_CC80082_2024-02-06_SE1,< 0.003,< 0.003,< 0.003,< 0.004,< 0.004,< 0.003
MO2010796_TP50061_2024-02-05_SE1,< 0.003,< 0.003,< 0.003,< 0.004,< 0.004,< 0.003
MO2024000_CC80244_2024-03-05_SE1,< 0.003,< 0.003,< 0.003,< 0.004,< 0.004,< 0.003
MO2024000_CC80383_2024-03-05_SE1,< 0.003,< 0.003,< 0.003,< 0.004,< 0.004,< 0.003
MO2024128_CC80040_2024-02-05_SE1,< 0.003,< 0.003,< 0.003,< 0.004,< 0.004,< 0.003
MO2024128_CC80295_2024-02-05_SE1,< 0.003,< 0.003,< 0.003,< 0.004,< 0.004,< 0.003
MO2024138_TP50323_2023-02-08_SE1,< 0.003,< 0.003,< 0.003,< 0.004,< 0.004,< 0.003
MO2024237_CC80435_2024-02-06_SE1,< 0.003,< 0.003,< 0.003,< 0.004,< 0.004,< 0.003
MO2024261_CC80158_2024-05-13_SE1,< 0.003,< 0.003,< 0.003,< 0.004,< 0.004,< 0.003
MO2024313_CC80083_2024-02-14_SE1,< 0.003,< 0.003,< 0.003,< 0.004,< 0.004,< 0.003
MO2024313_CC80524_2024-02-14_SE1,< 0.003,< 0.003,< 0.003,< 0.004,< 0.004,< 0.003
MO2024313_CC80829_2024-02-14_SE1,< 0.003,< 0.003,< 0.003,< 0.004,< 0.004,< 0.003
MO2024363_CC80003_2024-04-04_SE1,< 0.003,< 0.003,< 0.003,< 0.004,< 0.004,< 0.003
MO2024363_CC80287_2024-04-04_SE1,< 0.003,< 0.003,< 0.003,< 0.004,< 0.004,< 0.003
MO2024363_CC80557_2024-04-04_SE1,< 0.003,< 0.003,< 0.003,< 0.004,< 0.004,< 0.003
MO2024363_CC80734_2024-04-04_SE1,< 0.003,< 0.003,< 0.003,< 0.004,< 0.004,< 0.003
MO2024377_CC80084_2024-02-05_SE1,< 0.003,< 0.003,< 0.003,< 0.004,< 0.004,< 0.003
MO2024377_CC80335_2024-02-05_SE1,< 0.003,< 0.003,< 0.003,< 0.004,< 0.004,< 0.003
MO2024377_CC80523_2024-02-05_SE1,< 0.003,< 0.003,< 0.003,< 0.004,< 0.004,< 0.003
MO2024377_CLARKCOUNTY_2024-02-05_SE1,< 0.003,< 0.003,< 0.003,< 0.004,< 0.004,< 0.003
MO2024382_CC80354_2024-01-24_SE1,< 0.003,< 0.003,< 0.003,< 0.004,< 0.004,< 0.003
MO2024382_CC80369_2024-01-24_SE1,< 0.003,< 0.003,< 0.003,< 0.004,< 0.004,< 0.003
MO2024382_CC80708_2024-01-24_SE1,< 0.003,< 0.003,< 0.003,< 0.004,< 0.004,< 0.003
MO2024402_CC80085_2024-02-06_SE1,< 0.003,< 0.003,< 0.003,< 0.004,< 0.004,< 0.003
MO2024471_CC80086_2024-02-06_SE1,< 0.003,< 0.003,< 0.003,< 0.004,< 0.004,< 0.003
MO2024471_CC80284_2024-03-19_SE1,< 0.003,< 0.003,< 0.003,< 0.004,< 0.004,< 0.003
MO2024499_TP50476_2025-08-12_SE1,0.0114,< 0.003,< 0.003,0.0043,< 0.004,< 0.003
MO2024500_CC80087_2024-02-06_SE1,< 0.003,< 0.003,< 0.003,< 0.004,< 0.004,< 0.003
MO2024500_CC80326_2024-02-06_SE1,< 0.003,< 0.003,< 0.003,< 0.004,< 0.004,< 0.003
MO2024504_CC80088_2024-06-04_SE1,< 0.003,< 0.003,< 0.003,< 0.004,< 0.004,< 0.003
MO2024504_CC80717_2024-04-23_SE1,< 0.003,< 0.003,< 0.003,< 0.004,< 0.004,< 0.003
MO2024559_CC80371_2024-01-08_SE1,< 0.003,< 0.003,< 0.003,< 0.004,< 0.004,< 0.003
MO2024565_CC80513_2024-01-10_SE1,< 0.003,< 0.003,< 0.003,< 0.004,< 0.004,< 0.003
MO2024594_CC80596_2025-03-10_SE1,< 0.003,< 0.003,< 0.003,< 0.004,< 0.004,< 0.003
MO3010033_TP13379_2025-04-15_SE1,< 0.003,< 0.003,< 0.003,< 0.004,< 0.004,< 0.003
MO3010033_TP18616_2025-04-15_SE1,< 0.003,< 0.003,< 0.003,< 0.004,< 0.004,< 0.003
MO3010089_TP50234_2024-02-06_SE1,< 0.003,< 0.003,< 0.003,< 0.004,< 0.004,< 0.003
MO3010124_TP14150_2024-02-05_SE1,< 0.003,< 0.003,< 0.003,< 0.004,< 0.004,< 0.003
MO3010124_TP14153_2024-02-05_SE1,< 0.003,< 0.003,< 0.003,< 0.004,< 0.004,< 0.003
MO3010124_TP14237_2024-02-05_SE1,< 0.003,< 0.003,< 0.003,< 0.004,< 0.004,< 0.003
MO3010124_TP14647_2024-02-05_SE1,< 0.003,< 0.003,< 0.003,< 0.004,< 0.004,< 0.003
MO3010124_TP18973_2024-02-05_SE1,< 0.003,< 0.003,< 0.003,< 0.004,< 0.004,< 0.003
MO3010130_WL13373_2023-03-14_SE1,< 0.003,< 0.003,< 0.003,< 0.004,< 0.004,< 0.003
MO3010130_WL13656_2024-05-08_SE1,< 0.003,< 0.003,< 0.003,< 0.004,< 0.004,< 0.003
MO3010130_WL18626_2023-03-14_SE1,< 0.003,< 0.003,0.0083,< 0.004,0.0098,< 0.003
MO3010152_TP50242_2024-05-13_SE1,< 0.003,< 0.003,< 0.003,< 0.004,< 0.004,< 0.003
MO3010180_WL18341_2025-03-11_SE1,< 0.003,< 0.003,< 0.003,< 0.004,< 0.004,< 0.003
MO3010181_TP50027_2024-06-17_SE1,< 0.003,< 0.003,< 0.003,< 0.004,< 0.004,< 0.003
MO3010240_WL14656_2025-03-12_SE1,< 0.003,< 0.003,< 0.003,< 0.004,< 0.004,< 0.003
MO3010240_WL14658_2025-03-12_SE1,< 0.003,< 0.003,< 0.003,< 0.004,< 0.004,< 0.003
MO3010240_WL14659_2025-03-12_SE1,< 0.003,< 0.003,< 0.003,< 0.004,< 0.004,< 0.003
MO3010240_WL14660_2025-03-12_SE1,< 0.003,< 0.003,< 0.003,< 0.004,< 0.004,< 0.003
MO3010296_TP14061_2024-05-15_SE1,< 0.003,< 0.003,< 0.003,< 0.004,< 0.004,< 0.003
MO3010296_TP14062_2024-05-15_SE1,< 0.003,< 0.003,< 0.003,< 0.004,< 0.004,< 0.003
MO3010296_TP14065_2024-05-15_SE1,< 0.003,< 0.003,< 0.003,< 0.004,< 0.004,< 0.003
MO3010296_TP14066_2024-05-15_SE1,< 0.003,< 0.003,< 0.003,< 0.004,< 0.004,< 0.003
MO3010409_TP50021_2024-02-06_SE1,< 0.003,< 0.003,< 0.003,< 0.004,< 0.004,< 0.003
MO3010642_TP50312_2025-04-14_SE1,< 0.003,< 0.003,< 0.003,< 0.004,< 0.004,< 0.003
MO3010700_TP12541_2024-06-10_SE1,< 0.003,< 0.003,< 0.003,< 0.004,< 0.004,< 0.003
MO3010700_TP14098_2024-06-11_SE1,< 0.003,< 0.003,< 0.003,< 0.004,< 0.004,< 0.003
MO3010700_TP14278_2024-06-10_SE1,< 0.003,< 0.003,< 0.003,< 0.004,< 0.004,< 0.003
MO3010700_TP14279_2024-06-18_SE1,< 0.003,< 0.003,< 0.003,< 0.004,< 0.004,< 0.003
MO3010700_TP14280_2024-06-12_SE1,< 0.003,< 0.003,< 0.003,< 0.004,< 0.004,< 0.003
MO3010700_TP14285_2024-06-12_SE1,< 0.003,< 0.003,< 0.003,< 0.004,< 0.004,< 0.003
MO3010700_TP14288_2024-06-19_SE1,< 0.003,< 0.003,< 0.003,< 0.004,< 0.004,< 0.003
MO3010700_TP14308_2024-06-11_SE1,< 0.003,< 0.003,< 0.003,< 0.004,< 0.004,< 0.003
MO3010700_TP14323_2024-06-12_SE1,< 0.003,< 0.003,< 0.003,< 0.004,< 0.004,< 0.003
MO3010700_TP14329_2024-06-19_SE1,< 0.003,< 0.003,< 0.003,< 0.004,< 0.004,< 0.003
MO3010700_TP14344_2024-06-11_SE1,< 0.003,< 0.003,< 0.003,< 0.004,< 0.004,< 0.003
MO3010700_TP14348_2024-06-18_SE1,< 0.003,< 0.003,< 0.003,< 0.004,< 0.004,< 0.003
MO3010700_TP14350_2024-06-18_SE1,< 0.003,< 0.003,< 0.003,< 0.004,< 0.004,< 0.003
MO3010700_TP14378_2024-06-11_SE1,< 0.003,< 0.003,< 0.003,< 0.004,< 0.004,< 0.003
MO3010700_TP14379_2024-06-19_SE1,< 0.003,< 0.003,< 0.003,< 0.004,< 0.004,< 0.003
MO3010700_TP14380_2024-06-12_SE1,< 0.003,< 0.003,< 0.003,< 0.004,< 0.004,< 0.003
MO3010700_TP16775_2024-06-18_SE1,< 0.003,< 0.003,< 0.003,< 0.004,< 0.004,< 0.003
MO3010700_TP17859_2024-06-10_SE1,< 0.003,< 0.003,< 0.003,< 0.004,< 0.004,< 0.003
MO3010712_WL14002_2023-07-25_SE1,< 0.003,0.0033,0.0058,< 0.004,< 0.004,< 0.003
MO3010712_WL14003_2023-05-09_SE1,< 0.003,< 0.003,< 0.003,< 0.004,< 0.004,< 0.003
MO3010712_WL14004_2023-05-09_SE1,< 0.003,< 0.003,< 0.003,< 0.004,< 0.004,< 0.003
MO3010712_WL18698_2023-05-09_SE1,< 0.003,< 0.003,< 0.003,< 0.004,< 0.004,< 0.003
MO3010720_TP13950_2024-05-13_SE1,< 0.003,< 0.003,< 0.003,< 0.004,< 0.004,< 0.003
MO3010720_TP13951_2024-05-13_SE1,< 0.003,< 0.003,< 0.003,< 0.004,0.012,< 0.003
MO3010720_TP14005_2024-05-13_SE1,< 0.003,< 0.003,< 0.003,< 0.004,< 0.004,< 0.003
MO3010720_TP14006_2024-05-13_SE1,< 0.003,< 0.003,< 0.003,< 0.004,< 0.004,< 0.003
MO3010720_TP14433_2024-05-13_SE1,< 0.003,< 0.003,< 0.003,< 0.004,0.0093,< 0.003
MO3010720_TP19994_2024-05-13_SE1,< 0.003,< 0.003,< 0.003,< 0.004,< 0.004,< 0.003
MO3010728_TP14130_2024-04-22_SE1,< 0.003,< 0.003,< 0.003,< 0.004,< 0.004,< 0.003
MO3010728_TP14133_2024-04-22_SE1,< 0.003,< 0.003,< 0.003,< 0.004,< 0.004,< 0.003
MO3010728_TP14135_2024-04-23_SE1,< 0.003,< 0.003,< 0.003,< 0.004,< 0.004,< 0.003
MO3010728_TP14235_2024-04-22_SE1,< 0.003,< 0.003,< 0.003,< 0.004,< 0.004,< 0.003
MO3010728_TP50036_2024-04-22_SE1,< 0.003,< 0.003,< 0.003,< 0.004,< 0.004,< 0.003
MO3010791_TP13892_2023-06-13_SE1,< 0.003,< 0.003,< 0.003,< 0.004,< 0.004,< 0.003
MO3010791_TP14206_2023-06-13_SE1,< 0.003,< 0.003,< 0.003,< 0.004,< 0.004,< 0.003
MO3010841_TP14020_2024-02-09_SE1,< 0.003,< 0.003,< 0.003,< 0.004,< 0.004,< 0.003
MO3010841_TP14021_2024-02-12_SE1,< 0.003,< 0.003,< 0.003,< 0.004,< 0.004,< 0.003
MO3010841_TP14022_2024-02-12_SE1,< 0.003,< 0.003,< 0.003,< 0.004,< 0.004,< 0.003
MO3010841_TP14023_2024-02-12_SE1,< 0.003,< 0.003,< 0.003,< 0.004,< 0.004,< 0.003
MO3010841_TP14387_2024-02-12_SE1,< 0.003,< 0.003,< 0.003,< 0.004,< 0.004,< 0.003
MO3010841_TP17475_2024-02-12_SE1,< 0.003,< 0.003,< 0.003,< 0.004,< 0.004,< 0.003
MO3010841_WL14388_2024-02-12_SE1,< 0.003,< 0.003,< 0.003,< 0.004,< 0.004,< 0.003
MO3021377_TP13140_2023-07-26_SE1,< 0.003,< 0.003,< 0.003,< 0.004,< 0.004,< 0.003
MO3021377_TP13342_2023-04-03_SE1,< 0.003,< 0.003,< 0.003,< 0.004,< 0.004,< 0.003
MO3021377_TP13344_2023-07-26_SE1,< 0.003,< 0.003,< 0.003,< 0.004,< 0.004,< 0.003
MO3021377_TP13347_2023-07-26_SE1,< 0.003,< 0.003,< 0.003,< 0.004,< 0.004,< 0.003
MO3021377_TP18731_2023-04-03_SE1,< 0.003,< 0.003,< 0.003,< 0.004,< 0.004,< 0.003
MO3024052_TP13220_2024-01-16_SE1,< 0.003,< 0.003,< 0.003,< 0.004,< 0.004,< 0.003
MO3024052_TP13664_2024-01-16_SE1,< 0.003,< 0.003,< 0.003,< 0.004,< 0.004,< 0.003
MO3024052_TP13666_2024-01-16_SE1,< 0.003,< 0.003,< 0.003,< 0.004,< 0.004,< 0.003
MO3024052_TP13667_2024-01-16_SE1,< 0.003,< 0.003,< 0.003,< 0.004,< 0.004,< 0.003
MO3024052_TP13670_2024-01-16_SE1,< 0.003,< 0.003,< 0.003,< 0.004,< 0.004,< 0.003
MO3024052_TP20089_2024-01-16_SE1,< 0.003,< 0.003,< 0.003,< 0.004,< 0.004,< 0.003
MO3024055_TP13222_2024-05-13_SE1,< 0.003,< 0.003,< 0.003,< 0.004,< 0.004,< 0.003
MO3024055_TP13230_2024-05-13_SE1,< 0.003,< 0.003,< 0.003,< 0.004,< 0.004,< 0.003
MO3024055_TP13248_2024-05-13_SE1,< 0.003,< 0.003,< 0.003,< 0.004,< 0.004,< 0.003
MO3024055_TP13249_2024-05-13_SE1,< 0.003,< 0.003,< 0.003,< 0.004,< 0.004,< 0.003
MO3024055_TP13250_2024-05-13_SE1,< 0.003,< 0.003,< 0.003,< 0.004,< 0.004,< 0.003
MO3024055_TP13251_2024-05-13_SE1,< 0.003,< 0.003,< 0.003,< 0.004,< 0.004,< 0.003
MO3024055_TP13294_2024-05-13_SE1,< 0.003,< 0.003,< 0.003,< 0.004,< 0.004,< 0.003
MO3024055_TP13378_2024-05-13_SE1,< 0.003,< 0.003,< 0.003,< 0.004,< 0.004,< 0.003
MO3024055_TP13380_2024-05-13_SE1,< 0.003,< 0.003,< 0.003,< 0.004,< 0.004,< 0.003
MO3024055_TP13382_2024-05-13_SE1,< 0.003,< 0.003,< 0.003,< 0.004,< 0.004,< 0.003
MO3024055_TP13665_2024-05-13_SE1,< 0.003,< 0.003,< 0.003,< 0.004,< 0.004,< 0.003
MO3024055_TP14437_2024-05-13_SE1,< 0.003,< 0.003,< 0.003,< 0.004,< 0.004,< 0.003
MO3024055_TP18440_2024-05-13_SE1,< 0.003,< 0.003,< 0.003,< 0.004,< 0.004,< 0.003
MO3024058_TP10118_2024-05-16_SE1,< 0.003,< 0.003,< 0.003,< 0.004,< 0.004,< 0.003
MO3024058_TP10134_2024-05-16_SE1,< 0.003,< 0.003,< 0.003,< 0.004,< 0.004,< 0.003
MO3024058_TP10139_2024-05-16_SE1,< 0.003,< 0.003,< 0.003,< 0.004,< 0.004,< 0.003
MO3024058_TP12348_2024-05-16_SE1,< 0.003,< 0.003,< 0.003,< 0.004,< 0.004,< 0.003
MO3024058_TP18811_2024-05-16_SE1,< 0.003,< 0.003,< 0.003,< 0.004,< 0.004,< 0.003
MO3024059_TP13026_2025-05-13_SE1,< 0.003,< 0.003,< 0.003,< 0.004,< 0.004,< 0.003
MO3024059_TP13215_2025-05-13_SE1,< 0.003,< 0.003,< 0.003,< 0.004,< 0.004,< 0.003
MO3024059_TP13218_2025-05-13_SE1,< 0.003,< 0.003,< 0.003,< 0.004,< 0.004,< 0.003
MO3024059_TP13219_2025-05-13_SE1,< 0.003,< 0.003,< 0.003,< 0.004,< 0.004,< 0.003
MO3024084_TP13661_2023-03-20_SE1,< 0.003,< 0.003,< 0.003,< 0.004,< 0.004,< 0.003
MO3024084_TP14239_2023-03-20_SE1,< 0.003,< 0.003,< 0.003,< 0.004,< 0.004,< 0.003
MO3024084_TP14240_2023-03-20_SE1,< 0.003,< 0.003,< 0.003,< 0.004,< 0.004,< 0.003
MO3024084_TP14241_2023-03-20_SE1,< 0.003,< 0.003,< 0.003,< 0.004,< 0.004,< 0.003
MO3024084_TP14242_2023-03-20_SE1,< 0.003,< 0.003,< 0.003,< 0.004,< 0.004,< 0.003
MO3024084_TP14243_2023-03-20_SE1,< 0.003,< 0.003,< 0.003,< 0.004,< 0.004,< 0.003
MO3024084_TP18683_2023-03-20_SE1,< 0.003,< 0.003,< 0.003,< 0.004,< 0.004,< 0.003
MO3024085_TP12644_2024-05-09_SE1,< 0.003,< 0.003,< 0.003,< 0.004,< 0.004,< 0.003
MO3024085_TP13223_2024-05-09_SE1,< 0.003,< 0.003,< 0.003,< 0.004,< 0.004,< 0.003
MO3024085_TP13242_2024-05-09_SE1,< 0.003,< 0.003,< 0.003,< 0.004,< 0.004,< 0.003
MO3024085_TP13641_2024-05-09_SE1,< 0.003,< 0.003,< 0.003,< 0.004,< 0.004,< 0.003
MO3024085_TP16718_2024-05-09_SE1,< 0.003,< 0.003,< 0.003,< 0.004,< 0.004,< 0.003
MO3024085_TP17000_2024-05-09_SE1,< 0.003,< 0.003,< 0.003,< 0.004,< 0.004,< 0.003
MO3024085_TP17476_2024-05-09_SE1,< 0.003,< 0.003,< 0.003,< 0.004,< 0.004,< 0.003
MO3024085_TP18310_2024-05-09_SE1,< 0.003,< 0.003,< 0.003,< 0.004,< 0.004,< 0.003
MO3024159_TP13318_2024-05-22_SE1,< 0.003,< 0.003,< 0.003,< 0.004,< 0.004,< 0.003
MO3024159_TP13322_2024-05-22_SE1,< 0.003,< 0.003,< 0.003,< 0.004,< 0.004,< 0.003
MO3024159_TP13324_2024-05-22_SE1,< 0.003,< 0.003,< 0.003,< 0.004,< 0.004,< 0.003
MO3024159_TP13325_2024-05-22_SE1,< 0.003,< 0.003,< 0.003,< 0.004,< 0.004,< 0.003
MO3024159_TP14683_2024-05-22_SE1,< 0.003,< 0.003,< 0.003,0.0058,< 0.004,< 0.003
MO3024159_TP18022_2024-05-22_SE1,< 0.003,< 0.003,< 0.003,< 0.004,< 0.004,< 0.003
MO3024159_TP20280_2024-05-22_SE1,< 0.003,< 0.003,< 0.003,< 0.004,< 0.004,< 0.003
MO3024160_TP13326_2024-05-28_SE1,< 0.003,< 0.003,< 0.003,< 0.004,< 0.004,< 0.003
MO3024160_TP13327_2024-05-28_SE1,< 0.003,< 0.003,< 0.003,< 0.004,< 0.004,< 0.003
MO3024160_TP13328_2024-05-28_SE1,< 0.003,< 0.003,< 0.003,< 0.004,< 0.004,< 0.003
MO3024160_TP13337_2024-05-28_SE1,< 0.003,< 0.003,< 0.003,< 0.004,< 0.004,< 0.003
MO3024160_TP13607_2024-05-28_SE1,< 0.003,< 0.003,< 0.003,< 0.004,< 0.004,< 0.003
MO3024160_TP14684_2024-05-28_SE1,< 0.003,< 0.003,< 0.003,< 0.004,< 0.004,< 0.003
MO3024160_TP18793_2024-05-28_SE1,< 0.003,< 0.003,< 0.003,< 0.004,< 0.004,< 0.003
MO3024163_TP14685_2025-06-16_SE1,< 0.003,< 0.003,< 0.003,< 0.004,< 0.004,< 0.003
MO3024163_TP16717_2025-06-16_SE1,< 0.003,< 0.003,< 0.003,< 0.004,< 0.004,< 0.003
MO3024163_TP18437_2025-06-16_SE1,< 0.003,< 0.003,< 0.003,< 0.004,< 0.004,< 0.003
MO3024163_TP18503_2025-08-05_SE1,< 0.003,< 0.003,< 0.003,< 0.004,< 0.004,< 0.003
MO3024490_CC80647_2024-05-14_SE1,< 0.003,< 0.003,< 0.003,< 0.004,< 0.004,< 0.003
MO3024490_WL14367_2024-05-14_SE1,< 0.003,< 0.003,< 0.003,< 0.004,< 0.004,< 0.003
MO3024490_WL14383_2024-05-14_SE1,< 0.003,< 0.003,< 0.003,< 0.004,< 0.004,< 0.003
MO3024490_WL17226_2024-05-14_SE1,< 0.003,< 0.003,< 0.003,< 0.004,< 0.004,< 0.003
MO3024490_WL18106_2024-05-14_SE1,< 0.003,< 0.003,< 0.003,< 0.004,< 0.004,< 0.003
MO3024491_WL14051_2024-03-12_SE1,< 0.003,< 0.003,< 0.003,< 0.004,< 0.004,< 0.003
MO3024491_WL14087_2024-03-12_SE1,< 0.003,< 0.003,< 0.003,< 0.004,< 0.004,< 0.003
MO3024491_WL14371_2024-03-12_SE1,< 0.003,< 0.003,< 0.003,< 0.004,< 0.004,< 0.003
MO3024491_WL14384_2024-03-12_SE1,< 0.003,< 0.003,< 0.003,< 0.004,< 0.004,< 0.003
MO3024491_WL18244_2024-03-12_SE1,< 0.003,< 0.003,< 0.003,< 0.004,< 0.004,< 0.003
MO3024491_WL18949_2024-03-12_SE1,< 0.003,< 0.003,< 0.003,< 0.004,< 0.004,< 0.003
MO3069001_TP10135_2024-06-20_SE1,< 0.003,< 0.003,< 0.003,< 0.004,< 0.004,< 0.003
MO3069001_TP10136_2024-06-20_SE1,< 0.003,< 0.003,< 0.003,< 0.004,< 0.004,< 0.003
MO3069001_TP13237_2024-06-20_SE1,< 0.003,< 0.003,< 0.003,< 0.004,< 0.004,< 0.003
MO3069001_TP13238_2024-06-20_SE1,< 0.003,< 0.003,< 0.003,< 0.004,< 0.004,< 0.003
MO3069001_TP13613_2024-06-19_SE1,< 0.003,< 0.003,< 0.003,< 0.004,< 0.004,< 0.003
MO3079500_TP12905_2024-02-27_SE1,< 0.003,< 0.003,< 0.003,< 0.004,< 0.004,< 0.003
MO3079500_TP14336_2024-02-27_SE1,< 0.003,< 0.003,< 0.003,< 0.004,< 0.004,< 0.003
MO3079500_TP16505_2024-02-06_SE1,< 0.003,< 0.003,< 0.003,< 0.004,< 0.004,< 0.003
MO3079500_TP16506_2024-02-06_SE1,< 0.003,< 0.003,< 0.003,< 0.004,< 0.004,< 0.003
MO3079500_TP16931_2024-02-06_SE1,< 0.003,< 0.003,< 0.003,< 0.004,< 0.004,< 0.003
MO3079500_TP16932_2024-05-23_SE1,< 0.003,< 0.003,< 0.003,< 0.004,< 0.004,< 0.003
MO3079500_TP16934_2024-02-07_SE1,0.0048,< 0.003,< 0.003,< 0.004,< 0.004,< 0.003
MO3079500_TP18506_2024-02-07_SE1,< 0.003,< 0.003,< 0.003,< 0.004,< 0.004,< 0.003
MO3079500_TP18687_2024-02-06_SE1,< 0.003,< 0.003,< 0.003,< 0.004,< 0.004,< 0.003
MO3079500_TP20302_2024-02-06_SE1,< 0.003,< 0.003,< 0.003,< 0.004,< 0.004,< 0.003
MO3079500_TP20303_2024-02-06_SE1,< 0.003,< 0.003,< 0.003,< 0.004,< 0.004,< 0.003
MO3079500_TP20304_2024-02-06_SE1,< 0.003,< 0.003,< 0.003,< 0.004,< 0.004,< 0.003
MO3079500_TP20437_2024-12-11_SE1,< 0.003,< 0.003,< 0.003,< 0.004,< 0.004,< 0.003
MO3079500_TP20438_2024-12-11_SE1,< 0.003,< 0.003,< 0.003,< 0.004,< 0.004,< 0.003
MO3079500_TP50176_2024-02-27_SE1,< 0.003,< 0.003,< 0.003,< 0.004,< 0.004,< 0.003
MO3282326_TP18366_2023-06-06_SE1,< 0.003,< 0.003,< 0.003,< 0.004,< 0.004,< 0.003
MO4010087_TP12467_2025-06-24_SE1,< 0.003,< 0.003,< 0.003,< 0.004,< 0.004,< 0.003
MO4010087_TP14438_2025-06-24_SE1,< 0.003,< 0.003,< 0.003,< 0.004,< 0.004,< 0.003
MO4010132_TP10897_2024-02-14_SE1,< 0.003,< 0.003,< 0.003,< 0.004,< 0.004,< 0.003
MO4010132_TP12416_2025-10-29_SE1,< 0.003,< 0.003,< 0.003,< 0.004,< 0.004,< 0.003
MO4010136_TP50022_2024-07-22_SE1,< 0.003,< 0.003,< 0.003,< 0.004,< 0.004,< 0.003
MO4010136_TP50137_2024-07-22_SE1,< 0.003,< 0.003,< 0.003,< 0.004,< 0.004,< 0.003
MO4010143_TP50387_2023-04-04_SE1,< 0.003,< 0.003,< 0.003,< 0.004,< 0.004,< 0.003
MO4010160_TP50290_2023-05-08_SE1,< 0.003,< 0.003,< 0.003,< 0.004,< 0.004,< 0.003
MO4010216_TP50380_2024-06-10_SE1,< 0.003,< 0.003,< 0.003,< 0.004,< 0.004,< 0.003
MO4010216_TP50381_2024-06-10_SE1,< 0.003,< 0.003,< 0.003,< 0.004,< 0.004,< 0.003
MO4010243_TP18577_2024-11-13_SE1,< 0.003,< 0.003,< 0.003,< 0.004,< 0.004,< 0.003
MO4010270_TP10376_2024-06-19_SE1,< 0.003,< 0.003,< 0.003,< 0.004,< 0.004,< 0.003
MO4010270_TP11877_2024-06-17_SE1,< 0.003,< 0.003,< 0.003,< 0.004,< 0.004,< 0.003
MO4010270_TP11878_2024-06-14_SE1,< 0.003,< 0.003,< 0.003,< 0.004,< 0.004,< 0.003
MO4010270_TP11879_2024-06-18_SE1,< 0.003,< 0.003,0.0046,< 0.004,< 0.004,< 0.003
MO4010270_TP11880_2024-06-14_SE1,< 0.003,< 0.003,< 0.003,< 0.004,< 0.004,< 0.003
MO4010270_TP11881_2024-06-14_SE1,< 0.003,< 0.003,< 0.003,< 0.004,< 0.004,< 0.003
MO4010270_TP11882_2024-06-14_SE1,< 0.003,< 0.003,< 0.003,< 0.004,< 0.004,< 0.003
MO4010270_TP11883_2024-06-14_SE1,< 0.003,< 0.003,< 0.003,< 0.004,< 0.004,< 0.003
MO4010270_TP11884_2024-06-19_SE1,< 0.003,< 0.003,< 0.003,< 0.004,< 0.004,< 0.003
MO4010270_TP11886_2024-06-17_SE1,< 0.003,< 0.003,< 0.003,< 0.004,< 0.004,< 0.003
MO4010270_TP16644_2024-06-18_SE1,< 0.003,< 0.003,< 0.003,< 0.004,< 0.004,0.0038
MO4010270_TP16716_2024-06-17_SE1,< 0.003,< 0.003,< 0.003,< 0.004,< 0.004,< 0.003
MO4010270_TP18395_2024-06-18_SE1,< 0.003,< 0.003,< 0.003,< 0.004,< 0.004,< 0.003
MO4010270_TP18815_2024-06-18_SE1,< 0.003,< 0.003,< 0.003,< 0.004,< 0.004,< 0.003
MO4010279_TP50275_2024-01-17_SE1,< 0.003,< 0.003,< 0.003,< 0.004,< 0.004,< 0.003
MO4010290_TP50273_2023-03-20_SE1,< 0.003,< 0.003,< 0.003,< 0.004,< 0.004,< 0.003
MO4010404_SS80485_2024-06-06_SE1,< 0.003,< 0.003,< 0.003,< 0.004,< 0.004,< 0.003
MO4010404_TP12840_2024-06-06_SE1,< 0.003,< 0.003,< 0.003,< 0.004,< 0.004,< 0.003
MO4010404_TP16948_2024-06-06_SE1,< 0.003,< 0.003,< 0.003,< 0.004,< 0.004,< 0.003
MO4010417_TP50256_2024-06-03_SE1,< 0.003,< 0.003,< 0.003,< 0.004,< 0.004,< 0.003
MO4010490_TP10808_2024-03-26_SE1,< 0.003,< 0.003,< 0.003,< 0.004,< 0.004,< 0.003
MO4010490_TP10813_2023-05-24_SE1,< 0.003,< 0.003,< 0.003,< 0.004,< 0.004,< 0.003
MO4010490_TP12437_2023-03-22_SE1,< 0.003,< 0.003,< 0.003,< 0.004,< 0.004,< 0.003
MO4010636_TP11709_2024-01-16_SE1,< 0.003,< 0.003,< 0.003,< 0.004,< 0.004,< 0.003
MO4010636_TP11710_2024-01-16_SE1,< 0.003,< 0.003,< 0.003,< 0.004,< 0.004,< 0.003
MO4010636_TP13958_2024-01-16_SE1,< 0.003,< 0.003,< 0.003,< 0.004,< 0.004,< 0.003
MO4010636_TP16752_2024-01-16_SE1,< 0.003,< 0.003,< 0.003,< 0.004,< 0.004,< 0.003
MO4010636_TP50233_2024-01-16_SE1,< 0.003,< 0.003,< 0.003,< 0.004,< 0.004,< 0.003
MO4010656_TP50227_2024-03-27_SE1,< 0.003,< 0.003,< 0.003,< 0.004,< 0.004,< 0.003
MO4010710_TP50024_2025-05-12_SE1,< 0.003,< 0.003,< 0.003,< 0.004,< 0.004,< 0.003
MO4010721_TP10400_2025-02-10_SE1,< 0.003,< 0.003,< 0.003,< 0.004,< 0.004,< 0.003
MO4010721_TP10401_2025-02-10_SE1,< 0.003,< 0.003,< 0.003,< 0.004,< 0.004,< 0.003
MO4010721_TP10407_2025-02-10_SE1,< 0.003,< 0.003,< 0.003,< 0.004,< 0.004,< 0.003
MO4010721_TP14489_2025-02-10_SE1,< 0.003,< 0.003,< 0.003,< 0.004,< 0.004,< 0.003
MO4010726_TP50402_2025-05-12_SE1,< 0.003,< 0.003,0.0080,< 0.004,< 0.004,< 0.003
MO4010743_EP003_2024-11-27_SE1,< 0.003,< 0.003,< 0.003,< 0.004,< 0.004,< 0.003
MO4010743_ST61411_2024-05-31_SE1,< 0.003,0.0034,< 0.003,< 0.004,< 0.004,0.0054
MO4010743_ST61415_2024-05-31_SE1,< 0.003,< 0.003,< 0.003,< 0.004,< 0.004,< 0.003
MO4010853_TP50399_2024-03-19_SE1,< 0.003,< 0.003,< 0.003,< 0.004,< 0.004,< 0.003
MO4011441_TP16904_2024-04-22_SE1,< 0.003,< 0.003,< 0.003,< 0.004,< 0.004,< 0.003
MO4011441_TP17900_2024-04-22_SE1,< 0.003,< 0.003,< 0.003,< 0.004,< 0.004,< 0.003
MO4024070_TP10725_2024-06-04_SE1,< 0.003,< 0.003,< 0.003,< 0.004,< 0.004,< 0.003
MO4024070_TP10759_2024-06-04_SE1,< 0.003,< 0.003,< 0.003,< 0.004,< 0.004,< 0.003
MO4024070_TP12505_2024-06-04_SE1,< 0.003,< 0.003,< 0.003,< 0.004,< 0.004,< 0.003
MO4024070_TP13160_2024-06-04_SE1,< 0.003,< 0.003,< 0.003,< 0.004,< 0.004,< 0.003
MO4024070_TP18905_2024-06-04_SE1,< 0.003,< 0.003,< 0.003,< 0.004,< 0.004,< 0.003
MO4024096_TP11659_2023-02-08_SE1,< 0.003,< 0.003,< 0.003,< 0.004,< 0.004,< 0.003
MO4024096_TP11783_2023-02-08_SE1,< 0.003,< 0.003,< 0.003,< 0.004,< 0.004,< 0.003
MO4024096_TP13213_2023-02-07_SE1,< 0.003,< 0.003,< 0.003,< 0.004,< 0.004,< 0.003
MO4024096_TP13717_2023-02-07_SE1,< 0.003,< 0.003,< 0.003,< 0.004,< 0.004,< 0.003
MO4024206_WL10857_2025-03-12_SE1,< 0.003,< 0.003,< 0.003,< 0.004,< 0.004,< 0.003
MO4024206_WL12476_2025-03-12_SE1,< 0.003,< 0.003,< 0.003,< 0.004,< 0.004,< 0.003
MO4024448_TP10906_2025-05-13_SE1,< 0.003,< 0.003,< 0.003,< 0.004,< 0.004,< 0.003
MO4024448_TP50028_2025-05-13_SE1,< 0.003,< 0.003,< 0.003,< 0.004,< 0.004,< 0.003
MO4024448_TP50356_2025-05-13_SE1,< 0.003,< 0.003,< 0.003,< 0.004,< 0.004,< 0.003
MO4024448_TP50357_2025-05-13_SE1,< 0.003,< 0.003,< 0.003,< 0.004,< 0.004,< 0.003
MO4024543_WL10951_2023-05-16_SE1,< 0.003,< 0.003,< 0.003,< 0.004,< 0.004,< 0.003
MO4024543_WL10952_2023-05-16_SE1,< 0.003,< 0.003,< 0.003,< 0.004,< 0.004,< 0.003
MO4024543_WL11714_2023-07-10_SE1,< 0.003,< 0.003,< 0.003,< 0.004,< 0.004,< 0.003
MO4024543_WL12290_2023-07-10_SE1,< 0.003,< 0.003,< 0.003,< 0.004,< 0.004,< 0.003
MO4024543_WL20082_2023-05-16_SE1,< 0.003,< 0.003,< 0.003,< 0.004,< 0.004,< 0.003
MO4024581_TP50245_2025-04-14_SE1,< 0.003,< 0.003,< 0.003,< 0.004,< 0.004,< 0.003
MO4036146_TP12813_2025-07-15_SE1,< 0.003,< 0.003,< 0.003,< 0.004,< 0.004,< 0.003
MO4036146_TP12814_2025-06-10_SE1,< 0.003,< 0.003,< 0.003,< 0.004,< 0.004,< 0.003
MO4036226_TP10384_2023-01-17_SE1,< 0.003,< 0.003,< 0.003,< 0.004,< 0.004,< 0.003
MO4036226_TP10385_2023-01-17_SE1,< 0.003,< 0.003,< 0.003,< 0.004,< 0.004,< 0.003
MO4061410_TP50417_2025-04-08_SE1,< 0.003,< 0.003,< 0.003,< 0.004,< 0.004,< 0.003
MO4069041_TP11614_2023-04-03_SE1,< 0.003,< 0.003,< 0.003,< 0.004,< 0.004,< 0.003
MO4069041_TP11616_2023-04-03_SE1,< 0.003,< 0.003,< 0.003,< 0.004,< 0.004,< 0.003
MO4171151_TP10392_2024-09-10_SE1,< 0.003,< 0.003,< 0.003,< 0.004,< 0.004,< 0.003
MO5010016_TP10789_2023-02-27_SE1,< 0.003,< 0.003,< 0.003,< 0.004,< 0.004,< 0.003
MO5010016_TP10794_2023-01-17_SE1,< 0.003,< 0.003,< 0.003,< 0.004,< 0.004,< 0.003
MO5010038_TP10643_2023-06-07_SE1,< 0.003,< 0.003,< 0.003,< 0.004,< 0.004,< 0.003
MO5010038_TP10651_2023-06-07_SE1,< 0.003,< 0.003,< 0.003,< 0.004,< 0.004,< 0.003
MO5010038_TP10652_2023-06-07_SE1,< 0.003,< 0.003,< 0.003,< 0.004,< 0.004,< 0.003
MO5010038_TP13910_2023-06-07_SE1,< 0.003,< 0.003,< 0.003,< 0.004,< 0.004,< 0.003
MO5010085_TP14172_2024-06-03_SE1,< 0.003,< 0.003,< 0.003,< 0.004,< 0.004,< 0.003
MO5010085_TP14174_2024-06-03_SE1,< 0.003,< 0.003,< 0.003,< 0.004,< 0.004,< 0.003
MO5010085_TP14175_2024-06-03_SE1,< 0.003,< 0.003,< 0.003,< 0.004,< 0.004,< 0.003
MO5010085_TP14176_2024-06-03_SE1,< 0.003,< 0.003,< 0.003,< 0.004,< 0.004,< 0.003
MO5010085_TP14713_2024-06-03_SE1,< 0.003,< 0.003,< 0.003,< 0.004,< 0.004,< 0.003
MO5010096_TP10783_2024-03-26_SE1,< 0.003,< 0.003,< 0.003,< 0.004,< 0.004,< 0.003
MO5010096_TP10803_2024-03-26_SE1,< 0.003,< 0.003,< 0.003,< 0.004,< 0.004,< 0.003
MO5010096_TP10811_2024-03-26_SE1,< 0.003,< 0.003,< 0.003,< 0.004,< 0.004,< 0.003
MO5010096_TP12508_2024-03-26_SE1,< 0.003,< 0.003,< 0.003,< 0.004,< 0.004,< 0.003
MO5010096_TP12509_2024-03-26_SE1,< 0.003,< 0.003,< 0.003,< 0.004,< 0.004,< 0.003
MO5010096_TP12510_2024-03-26_SE1,< 0.003,< 0.003,< 0.003,< 0.004,< 0.004,< 0.003
MO5010096_TP50026_2024-03-26_SE1,< 0.003,< 0.003,< 0.003,< 0.004,< 0.004,< 0.003
MO5010096_TP50071_2024-03-26_SE1,< 0.003,< 0.003,< 0.003,< 0.004,< 0.004,< 0.003
MO5010138_ST60398_2025-04-15_SE1,< 0.003,< 0.003,< 0.003,< 0.004,< 0.004,< 0.003
MO5010138_ST61453_2025-04-15_SE1,< 0.003,< 0.003,< 0.003,< 0.004,< 0.004,< 0.003
MO5010138_ST61454_2025-04-15_SE1,< 0.003,< 0.003,< 0.003,< 0.004,< 0.004,< 0.003
MO5010138_ST61873_2025-04-15_SE1,< 0.003,< 0.003,< 0.003,< 0.004,< 0.004,< 0.003
MO5010138_ST61874_2025-04-15_SE1,< 0.003,< 0.003,< 0.003,< 0.004,< 0.004,< 0.003
MO5010138_ST61875_2025-04-15_SE1,< 0.003,< 0.003,< 0.003,< 0.004,< 0.004,< 0.003
MO5010138_TP14496_2025-05-20_SE1,< 0.003,< 0.003,< 0.003,< 0.004,< 0.004,< 0.003
MO5010142_TP12719_2024-06-04_SE1,< 0.003,< 0.003,< 0.003,< 0.004,< 0.004,< 0.003
MO5010142_TP50059_2024-06-04_SE1,< 0.003,< 0.003,< 0.003,< 0.004,< 0.004,< 0.003
MO5010241_WL13741_2023-03-20_SE1,< 0.003,< 0.003,< 0.003,< 0.004,< 0.004,< 0.003
MO5010241_WL13742_2023-03-20_SE1,< 0.003,< 0.003,< 0.003,< 0.004,< 0.004,< 0.003
MO5010241_WL17480_2023-03-20_SE1,< 0.003,< 0.003,< 0.003,< 0.004,< 0.004,< 0.003
MO5010297_TP14909_2024-03-12_SE1,< 0.003,< 0.003,< 0.003,< 0.004,< 0.004,< 0.003
MO5010297_TP14910_2024-07-16_SE1,< 0.003,< 0.003,< 0.003,< 0.004,< 0.004,< 0.003
MO5010297_TP14911_2024-03-12_SE1,< 0.003,< 0.003,< 0.003,< 0.004,< 0.004,< 0.003
MO5010297_TP14912_2024-03-12_SE1,< 0.003,< 0.003,< 0.003,< 0.004,< 0.004,< 0.003
MO5010374_TP10824_2023-01-16_SE1,< 0.003,< 0.003,< 0.003,< 0.004,< 0.004,< 0.003
MO5010374_TP11648_2023-01-16_SE1,< 0.003,< 0.003,< 0.003,< 0.004,< 0.004,< 0.003
MO5010374_TP14558_2023-01-16_SE1,< 0.003,< 0.003,< 0.003,< 0.004,< 0.004,< 0.003
MO5010374_TP18819_2023-01-16_SE1,< 0.003,< 0.003,< 0.003,< 0.004,< 0.004,< 0.003
MO5010413_TP10582_2024-03-11_SE1,< 0.003,< 0.003,< 0.003,< 0.004,< 0.004,< 0.003
MO5010413_TP12413_2024-03-11_SE1,< 0.003,< 0.003,< 0.003,< 0.004,< 0.004,< 0.003
MO5010413_TP16878_2024-03-11_SE1,< 0.003,< 0.003,< 0.003,< 0.004,< 0.004,< 0.003
MO5010413_TP16879_2024-03-11_SE1,< 0.003,< 0.003,< 0.003,< 0.004,< 0.004,< 0.003
MO5010413_TP17004_2024-03-12_SE1,< 0.003,< 0.003,< 0.003,< 0.004,< 0.004,< 0.003
MO5010413_TP17439_2024-03-12_SE1,< 0.003,< 0.003,< 0.003,< 0.004,< 0.004,< 0.003
MO5010413_TP17440_2024-03-08_SE1,< 0.003,< 0.003,< 0.003,< 0.004,< 0.004,< 0.003
MO5010413_TP50244_2024-03-05_SE1,< 0.003,< 0.003,< 0.003,< 0.004,< 0.004,< 0.003
MO5010446_TP50246_2024-02-13_SE1,< 0.003,< 0.003,< 0.003,< 0.004,< 0.004,< 0.003
MO5010458_TP13824_2024-06-05_SE1,< 0.003,< 0.003,< 0.003,< 0.004,< 0.004,< 0.003
MO5010458_TP14736_2024-06-05_SE1,< 0.003,< 0.003,< 0.003,< 0.004,< 0.004,< 0.003
MO5010458_TP14737_2024-06-05_SE1,< 0.003,< 0.003,< 0.003,< 0.004,< 0.004,< 0.003
MO5010458_TP14738_2024-06-05_SE1,< 0.003,< 0.003,< 0.003,< 0.004,< 0.004,< 0.003
MO5010458_TP14739_2024-06-05_SE1,< 0.003,< 0.003,< 0.003,< 0.004,< 0.004,< 0.003
MO5010458_TP18122_2024-06-05_SE1,< 0.003,< 0.003,< 0.003,< 0.004,< 0.004,< 0.003
MO5010503_TP14743_2023-08-09_SE1,< 0.003,< 0.003,< 0.003,< 0.004,< 0.004,< 0.003
MO5010503_TP14744_2023-06-12_SE1,< 0.003,< 0.003,< 0.003,< 0.004,< 0.004,< 0.003
MO5010503_TP16854_2023-06-12_SE1,< 0.003,< 0.003,< 0.003,< 0.004,< 0.004,< 0.003
MO5010537_TP10668_2025-01-13_SE1,< 0.003,< 0.003,< 0.003,< 0.004,< 0.004,< 0.003
MO5010537_TP10671_2025-02-10_SE1,< 0.003,< 0.003,< 0.003,< 0.004,< 0.004,< 0.003
MO5010537_TP10675_2025-01-13_SE1,< 0.003,< 0.003,< 0.003,< 0.004,< 0.004,< 0.003
MO5010537_TP11603_2025-01-13_SE1,< 0.003,< 0.003,< 0.003,< 0.004,< 0.004,< 0.003
MO5010537_TP11605_2025-01-13_SE1,< 0.003,< 0.003,< 0.003,< 0.004,< 0.004,< 0.003
MO5010537_TP12479_2025-02-10_SE1,< 0.003,< 0.003,0.0077,< 0.004,< 0.004,< 0.003
MO5010537_TP13962_2025-01-13_SE1,< 0.003,< 0.003,< 0.003,< 0.004,< 0.004,< 0.003
MO5010537_TP13964_2025-01-13_SE1,< 0.003,< 0.003,< 0.003,< 0.004,< 0.004,< 0.003
MO5010537_TP16991_2025-01-13_SE1,< 0.003,< 0.003,< 0.003,< 0.004,< 0.004,< 0.003
MO5010537_TP20223_2025-01-13_SE1,< 0.003,< 0.003,< 0.003,< 0.004,< 0.004,< 0.003
MO5010537_TP50462_2025-01-13_SE1,< 0.003,< 0.003,< 0.003,< 0.004,< 0.004,< 0.003
MO5010550_TP14745_2025-05-12_SE1,< 0.003,< 0.003,< 0.003,< 0.004,< 0.004,< 0.003
MO5010550_TP14746_2025-05-12_SE1,< 0.003,< 0.003,< 0.003,< 0.004,< 0.004,< 0.003
MO5010550_TP14747_2025-05-12_SE1,< 0.003,< 0.003,< 0.003,< 0.004,< 0.004,< 0.003
MO5010550_TP14748_2025-05-12_SE1,< 0.003,< 0.003,< 0.003,< 0.004,< 0.004,< 0.003
MO5010550_TP14749_2025-05-12_SE1,< 0.003,< 0.003,< 0.003,< 0.004,< 0.004,< 0.003
MO5010553_TP10578_2023-03-20_SE1,< 0.003,< 0.003,< 0.003,< 0.004,< 0.004,< 0.003
MO5010553_TP16809_2023-03-20_SE1,< 0.003,< 0.003,< 0.003,< 0.004,< 0.004,< 0.003
MO5010553_TP16810_2023-03-20_SE1,< 0.003,< 0.003,< 0.003,< 0.004,< 0.004,< 0.003
MO5010553_TP50398_2023-03-20_SE1,< 0.003,< 0.003,< 0.003,< 0.004,< 0.004,< 0.003
MO5010553_WL11509_2023-03-20_SE1,< 0.003,< 0.003,< 0.003,< 0.004,< 0.004,< 0.003
MO5010560_TP10696_2024-04-15_SE1,< 0.003,< 0.003,< 0.003,< 0.004,< 0.004,< 0.003
MO5010560_TP11814_2024-04-15_SE1,< 0.003,< 0.003,< 0.003,< 0.004,< 0.004,< 0.003
MO5010560_TP50270_2024-04-15_SE1,< 0.003,< 0.003,< 0.003,< 0.004,< 0.004,< 0.003
MO5010562_TP50272_2025-01-15_SE1,< 0.003,< 0.003,< 0.003,< 0.004,< 0.004,< 0.003
MO5010576_TP14467_2024-06-12_SE1,< 0.003,< 0.003,< 0.003,< 0.004,< 0.004,< 0.003
MO5010576_TP14476_2024-06-12_SE1,< 0.003,< 0.003,< 0.003,< 0.004,< 0.004,< 0.003
MO5010576_TP14477_2024-06-03_SE1,< 0.003,< 0.003,< 0.003,< 0.004,< 0.004,< 0.003
MO5010576_TP14478_2024-06-03_SE1,< 0.003,< 0.003,< 0.003,< 0.004,< 0.004,< 0.003
MO5010576_TP14479_2024-06-03_SE1,< 0.003,< 0.003,< 0.003,< 0.004,< 0.004,< 0.003
MO5010576_TP14480_2024-06-03_SE1,< 0.003,< 0.003,< 0.003,< 0.004,< 0.004,< 0.003
MO5010576_TP17846_2024-06-03_SE1,< 0.003,< 0.003,< 0.003,< 0.004,< 0.004,< 0.003
MO5010576_TP18445_2024-06-03_SE1,< 0.003,< 0.003,< 0.003,< 0.004,< 0.004,< 0.003
MO5010576_TP18904_2024-06-03_SE1,< 0.003,< 0.003,< 0.003,< 0.004,< 0.004,< 0.003
MO5010619_TP14922_2024-06-05_SE1,< 0.003,< 0.003,< 0.003,< 0.004,< 0.004,< 0.003
MO5010619_TP14923_2024-06-05_SE1,< 0.003,< 0.003,< 0.003,< 0.004,< 0.004,< 0.003
MO5010619_TP14924_2024-06-05_SE1,< 0.003,< 0.003,< 0.003,< 0.004,< 0.004,< 0.003
MO5010619_TP14925_2024-06-06_SE1,< 0.003,< 0.003,< 0.003,< 0.004,< 0.004,< 0.003
MO5010619_TP14926_2024-06-05_SE1,< 0.003,< 0.003,< 0.003,< 0.004,< 0.004,< 0.003
MO5010619_TP14927_2024-06-06_SE1,0.0048,< 0.003,< 0.003,< 0.004,< 0.004,< 0.003
MO5010619_TP14928_2024-06-06_SE1,< 0.003,< 0.003,< 0.003,< 0.004,< 0.004,< 0.003
MO5010619_TP14929_2024-06-06_SE1,< 0.003,< 0.003,< 0.003,< 0.004,< 0.004,< 0.003
MO5010619_TP14930_2024-06-06_SE1,< 0.003,< 0.003,< 0.003,< 0.004,< 0.004,< 0.003
MO5010619_TP16940_2024-06-06_SE1,< 0.003,< 0.003,< 0.003,< 0.004,< 0.004,< 0.003
MO5010619_TP18839_2024-06-24_SE1,< 0.003,< 0.003,< 0.003,< 0.004,< 0.004,< 0.003
MO5010619_TP19934_2024-06-06_SE1,< 0.003,< 0.003,< 0.003,< 0.004,< 0.004,< 0.003
MO5010681_TP14758_2024-06-02_SE1,< 0.003,< 0.003,< 0.003,< 0.004,< 0.004,< 0.003
MO5010681_TP14759_2024-06-02_SE1,< 0.003,< 0.003,< 0.003,< 0.004,< 0.004,< 0.003
MO5010681_TP14760_2024-06-02_SE1,< 0.003,< 0.003,< 0.003,< 0.004,< 0.004,< 0.003
MO5010681_TP18124_2024-06-02_SE1,< 0.003,< 0.003,< 0.003,< 0.004,< 0.004,< 0.003
MO5010754_TP10567_2024-03-26_SE1,< 0.003,< 0.003,< 0.003,< 0.004,< 0.004,< 0.003
MO5010754_TP50283_2024-03-26_SE1,0.003,< 0.003,< 0.003,< 0.004,< 0.004,< 0.003
MO5010754_TP50349_2024-03-26_SE1,< 0.003,< 0.003,< 0.003,< 0.004,< 0.004,< 0.003
MO5010844_CC80687_2024-03-12_SE1,< 0.003,< 0.003,< 0.003,< 0.004,< 0.004,< 0.003
MO5010844_TP10548_2024-03-12_SE1,< 0.003,< 0.003,< 0.003,< 0.004,< 0.004,< 0.003
MO5010844_TP10553_2024-03-12_SE1,< 0.003,< 0.003,< 0.003,< 0.004,< 0.004,< 0.003
MO5010844_TP10559_2024-03-12_SE1,< 0.003,< 0.003,< 0.003,< 0.004,< 0.004,< 0.003
MO5010844_TP10572_2024-03-12_SE1,< 0.003,< 0.003,< 0.003,< 0.004,< 0.004,< 0.003
MO5010844_TP16635_2024-03-12_SE1,< 0.003,< 0.003,< 0.003,< 0.004,< 0.004,< 0.003
MO5010844_TP20126_2024-03-12_SE1,< 0.003,< 0.003,< 0.003,< 0.004,< 0.004,< 0.003
MO5010860_TP12490_2023-09-20_SE1,< 0.003,< 0.003,< 0.003,< 0.004,< 0.004,< 0.003
MO5010860_TP14309_2023-06-28_SE1,< 0.003,< 0.003,< 0.003,< 0.004,< 0.004,< 0.003
MO5010860_TP14376_2023-06-28_SE1,< 0.003,< 0.003,< 0.003,< 0.004,< 0.004,< 0.003
MO5010860_TP14801_2023-05-08_SE1,< 0.003,< 0.003,< 0.003,< 0.004,< 0.004,< 0.003
MO5024023_TP10411_2025-01-13_SE1,< 0.003,< 0.003,< 0.003,< 0.004,< 0.004,< 0.003
MO5024023_TP10417_2025-03-10_SE1,< 0.003,< 0.003,< 0.003,< 0.004,< 0.004,< 0.003
MO5024023_TP10418_2025-02-11_SE1,< 0.003,< 0.003,< 0.003,< 0.004,< 0.004,< 0.003
MO5024023_TP10426_2025-01-15_SE1,< 0.003,< 0.003,< 0.003,< 0.004,< 0.004,< 0.003
MO5024023_TP10438_2025-01-13_SE1,< 0.003,< 0.003,< 0.003,< 0.004,< 0.004,< 0.003
MO5024023_TP10460_2025-01-15_SE1,< 0.003,< 0.003,< 0.003,< 0.004,< 0.004,< 0.003
MO5024023_TP10461_2025-01-13_SE1,< 0.003,< 0.003,< 0.003,< 0.004,< 0.004,< 0.003
MO5024023_TP10490_2025-01-13_SE1,< 0.003,< 0.003,< 0.003,< 0.004,< 0.004,< 0.003
MO5024023_TP16976_2025-01-15_SE1,< 0.003,< 0.003,< 0.003,< 0.004,< 0.004,< 0.003
MO5024228_TP10577_2025-05-12_SE1,< 0.003,< 0.003,< 0.003,< 0.004,< 0.004,< 0.003
MO5024228_TP11718_2025-05-12_SE1,< 0.003,< 0.003,< 0.003,< 0.004,< 0.004,< 0.003
MO5024228_TP12957_2025-05-12_SE1,< 0.003,< 0.003,< 0.003,< 0.004,< 0.004,< 0.003
MO5024228_TP17365_2025-05-19_SE1,< 0.003,< 0.003,< 0.003,< 0.004,< 0.004,< 0.003
MO5024228_TP18995_2025-05-12_SE1,< 0.003,< 0.003,< 0.003,< 0.004,< 0.004,< 0.003
MO5024286_TP16820_2025-05-13_SE1,< 0.003,< 0.003,< 0.003,< 0.004,< 0.004,< 0.003
MO5024286_TP16821_2025-05-13_SE1,< 0.003,< 0.003,< 0.003,< 0.004,< 0.004,< 0.003
MO5024286_TP18152_2025-05-13_SE1,< 0.003,< 0.003,< 0.003,< 0.004,< 0.004,< 0.003
MO5024286_TP18651_2025-05-13_SE1,< 0.003,< 0.003,< 0.003,< 0.004,< 0.004,< 0.003
MO5024317_TP14528_2025-02-11_SE1,< 0.003,< 0.003,< 0.003,< 0.004,< 0.004,< 0.003
MO5024317_TP14776_2025-02-11_SE1,< 0.003,< 0.003,< 0.003,< 0.004,< 0.004,< 0.003
MO5024317_TP14780_2025-02-11_SE1,< 0.003,< 0.003,< 0.003,< 0.004,< 0.004,< 0.003
MO5024317_TP14782_2025-02-11_SE1,< 0.003,< 0.003,< 0.003,< 0.004,< 0.004,< 0.003
MO5024317_TP14784_2025-02-11_SE1,< 0.003,< 0.003,< 0.003,< 0.004,< 0.004,< 0.003
MO5024319_WL14530_2023-01-17_SE1,< 0.003,< 0.003,< 0.003,< 0.004,< 0.004,< 0.003
MO5024319_WL14531_2023-01-16_SE1,< 0.003,< 0.003,< 0.003,< 0.004,< 0.004,< 0.003
MO5024319_WL14786_2023-01-17_SE1,< 0.003,< 0.003,< 0.003,< 0.004,< 0.004,< 0.003
MO5024319_WL14787_2023-01-17_SE1,< 0.003,< 0.003,< 0.003,< 0.004,< 0.004,< 0.003
MO5024319_WL14789_2023-01-16_SE1,< 0.003,< 0.003,< 0.003,< 0.004,< 0.004,< 0.003
MO5024319_WL14790_2023-01-17_SE1,< 0.003,< 0.003,< 0.003,< 0.004,< 0.004,< 0.003
MO5024319_WL14791_2023-01-16_SE1,< 0.003,< 0.003,< 0.003,< 0.004,< 0.004,< 0.003
MO5024600_TP10819_2024-06-11_SE1,< 0.003,< 0.003,< 0.003,< 0.004,< 0.004,< 0.003
MO5024600_TP11794_2024-06-11_SE1,< 0.003,< 0.003,< 0.003,< 0.004,< 0.004,< 0.003
MO5024600_TP13094_2024-06-11_SE1,< 0.003,< 0.003,< 0.003,< 0.004,< 0.004,< 0.003
MO5024600_TP13193_2024-06-11_SE1,< 0.003,< 0.003,< 0.003,< 0.004,< 0.004,< 0.003
MO5024600_TP19002_2024-06-11_SE1,< 0.003,< 0.003,< 0.003,< 0.004,< 0.004,< 0.003
MO5024601_TP10834_2024-06-05_SE1,< 0.003,< 0.003,< 0.003,< 0.004,< 0.004,< 0.003
MO5024601_TP11582_2024-06-05_SE1,< 0.003,< 0.003,< 0.003,< 0.004,< 0.004,< 0.003
MO5024601_TP20095_2024-06-05_SE1,< 0.003,< 0.003,< 0.003,< 0.004,< 0.004,< 0.003
MO5024602_TP10756_2024-03-12_SE1,< 0.003,< 0.003,< 0.003,< 0.004,< 0.004,< 0.003
MO5024602_TP10773_2024-03-13_SE1,< 0.003,< 0.003,< 0.003,< 0.004,< 0.004,< 0.003
MO5024602_TP12615_2024-03-11_SE1,< 0.003,< 0.003,< 0.003,< 0.004,< 0.004,< 0.003
MO5024602_TP16829_2024-03-11_SE1,< 0.003,< 0.003,< 0.003,< 0.004,< 0.004,< 0.003
MO5024602_TP16831_2024-03-13_SE1,< 0.003,< 0.003,< 0.003,< 0.004,< 0.004,< 0.003
MO5024602_TP17886_2024-03-11_SE1,< 0.003,< 0.003,< 0.003,< 0.004,< 0.004,< 0.003
MO5024602_TP18035_2024-03-12_SE1,< 0.003,< 0.003,< 0.003,< 0.004,< 0.004,< 0.003
MO5024602_TP18036_2024-03-13_SE1,< 0.003,< 0.003,< 0.003,< 0.004,< 0.004,< 0.003
MO5024602_TP18192_2024-03-11_SE1,< 0.003,< 0.003,< 0.003,< 0.004,< 0.004,< 0.003
MO5024602_TP18710_2024-03-12_SE1,< 0.003,< 0.003,< 0.003,< 0.004,< 0.004,< 0.003
MO5024618_TP14793_2025-02-03_SE1,< 0.003,< 0.003,< 0.003,< 0.004,< 0.004,< 0.003
MO5024618_TP14794_2025-02-03_SE1,< 0.003,< 0.003,< 0.003,< 0.004,< 0.004,< 0.003
MO5024618_TP14795_2025-02-03_SE1,< 0.003,< 0.003,< 0.003,< 0.004,< 0.004,< 0.003
MO5024618_TP18460_2025-02-03_SE1,< 0.003,< 0.003,< 0.003,< 0.004,< 0.004,< 0.003
MO5031649_WL20035_2023-05-31_SE1,< 0.003,< 0.003,< 0.003,< 0.004,< 0.004,< 0.003
MO5036352_TP10804_2024-12-09_SE1,< 0.003,< 0.003,< 0.003,< 0.004,< 0.004,< 0.003
MO5036352_TP19920_2024-12-09_SE1,< 0.003,< 0.003,< 0.003,< 0.004,< 0.004,< 0.003
MO5190947_TP11379_2025-04-14_SE1,< 0.003,< 0.003,< 0.003,< 0.004,< 0.004,< 0.003
MO5190947_TP18217_2025-04-14_SE1,< 0.003,< 0.003,< 0.003,< 0.004,< 0.004,< 0.003
MO5191569_TP11273_2025-04-14_SE1,< 0.003,< 0.003,< 0.003,< 0.004,< 0.004,< 0.003
MO5201957_TP16943_2023-03-20_SE1,< 0.003,< 0.003,< 0.003,< 0.004,< 0.004,< 0.003
MO6010198_TP12253_2024-01-17_SE1,< 0.003,< 0.003,< 0.003,< 0.004,< 0.004,< 0.003
MO6010198_TP50218_2024-01-17_SE1,< 0.003,< 0.003,< 0.003,< 0.004,< 0.004,< 0.003
MO6010200_ST60494_2024-04-15_SE1,< 0.003,< 0.003,< 0.003,< 0.004,< 0.004,< 0.003
MO6010200_TP14104_2024-04-15_SE1,< 0.003,< 0.003,< 0.003,< 0.004,< 0.004,< 0.003
MO6010200_TP14106_2024-04-15_SE1,< 0.003,< 0.003,< 0.003,< 0.004,< 0.004,< 0.003
MO6010200_TP14107_2024-04-15_SE1,< 0.003,< 0.003,< 0.003,< 0.004,< 0.004,< 0.003
MO6010200_TP18347_2024-04-15_SE1,< 0.003,< 0.003,< 0.003,< 0.004,< 0.004,< 0.003
MO6010213_TP10311_2024-04-08_SE1,< 0.003,< 0.003,< 0.003,< 0.004,< 0.004,< 0.003
MO6010213_TP13883_2024-04-08_SE1,< 0.003,< 0.003,< 0.003,< 0.004,< 0.004,< 0.003
MO6010258_TP11748_2024-06-21_SE1,< 0.003,< 0.003,< 0.003,< 0.004,< 0.004,< 0.003
MO6010258_TP14552_2024-06-21_SE1,< 0.003,< 0.003,< 0.003,< 0.004,< 0.004,< 0.003
MO6010258_TP14554_2024-06-21_SE1,< 0.003,< 0.003,< 0.003,< 0.004,< 0.004,< 0.003
MO6010258_TP16828_2024-06-21_SE1,< 0.003,< 0.003,< 0.003,< 0.004,< 0.004,< 0.003
MO6010258_TP18309_2024-06-21_SE1,< 0.003,< 0.003,< 0.003,< 0.004,< 0.004,< 0.003
MO6010258_TP20024_2024-06-21_SE1,< 0.003,< 0.003,< 0.003,< 0.004,< 0.004,< 0.003
MO6010276_CC80511_2024-03-11_SE1,< 0.003,< 0.003,< 0.003,< 0.004,< 0.004,< 0.003
MO6010359_CC80508_2024-03-11_SE1,< 0.003,< 0.003,< 0.003,< 0.004,< 0.004,< 0.003
MO6010359_TP14858_2024-03-11_SE1,< 0.003,< 0.003,< 0.003,< 0.004,< 0.004,< 0.003
MO6010359_TP14859_2024-03-11_SE1,< 0.003,< 0.003,< 0.003,< 0.004,< 0.004,< 0.003
MO6010430_CC80415_2024-03-12_SE1,< 0.003,< 0.003,< 0.003,< 0.004,< 0.004,< 0.003
MO6010588_CC80760_2024-02-28_SE1,< 0.003,< 0.003,< 0.003,< 0.004,< 0.004,0.0034
MO6010588_TP13268_2024-02-28_SE1,< 0.003,< 0.003,< 0.003,< 0.004,< 0.004,< 0.003
MO6010588_TP13271_2024-02-28_SE1,< 0.003,< 0.003,< 0.003,< 0.004,< 0.004,< 0.003
MO6010588_TP13279_2024-02-28_SE1,< 0.003,< 0.003,< 0.003,< 0.004,< 0.004,< 0.003
MO6010588_TP50403_2024-02-28_SE1,< 0.003,< 0.003,< 0.003,< 0.004,< 0.004,< 0.003
MO6010620_TP14357_2025-03-18_SE1,< 0.003,< 0.003,< 0.003,< 0.004,< 0.004,< 0.003
MO6010620_TP14547_2025-03-18_SE1,< 0.003,< 0.003,< 0.003,< 0.004,< 0.004,< 0.003
MO6010620_TP14548_2025-03-18_SE1,< 0.003,< 0.003,< 0.003,< 0.004,< 0.004,< 0.003
MO6010638_TP11747_2025-05-12_SE1,< 0.003,< 0.003,< 0.003,< 0.004,< 0.004,< 0.003
MO6010638_TP14870_2025-05-13_SE1,< 0.003,< 0.003,< 0.003,< 0.004,< 0.004,< 0.003
MO6010638_TP14872_2025-05-13_SE1,< 0.003,< 0.003,< 0.003,< 0.004,< 0.004,< 0.003
MO6010638_TP14873_2025-05-12_SE1,< 0.003,< 0.003,< 0.003,< 0.004,< 0.004,< 0.003
MO6010707_CC80409_2024-03-11_SE1,< 0.003,< 0.003,< 0.003,< 0.004,< 0.004,< 0.003
MO6010707_TP50169_2024-03-11_SE1,< 0.003,< 0.003,< 0.003,< 0.004,< 0.004,< 0.003
MO6010708_WL14077_2023-04-04_SE1,< 0.003,< 0.003,< 0.003,< 0.004,< 0.004,< 0.003
MO6010708_WL14271_2023-04-04_SE1,< 0.003,< 0.003,< 0.003,< 0.004,< 0.004,< 0.003
MO6010708_WL14277_2023-04-04_SE1,< 0.003,< 0.003,< 0.003,< 0.004,< 0.004,< 0.003
MO6010708_WL14293_2023-04-04_SE1,< 0.003,< 0.003,< 0.003,< 0.004,< 0.004,< 0.003
MO6010708_WL14321_2023-04-04_SE1,< 0.003,< 0.003,< 0.003,< 0.004,< 0.004,< 0.003
MO6010708_WL14409_2023-04-04_SE1,< 0.003,< 0.003,< 0.003,< 0.004,< 0.004,< 0.003
MO6010708_WL18236_2023-04-04_SE1,< 0.003,< 0.003,< 0.003,< 0.004,< 0.004,< 0.003
MO6010715_TP50023_2024-03-07_SE1,< 0.003,< 0.003,< 0.003,< 0.004,< 0.004,< 0.003
MO6010715_TP50067_2024-03-07_SE1,< 0.003,< 0.003,< 0.003,< 0.004,< 0.004,< 0.003
MO6010716_CC80593_2024-03-08_SE1,< 0.003,< 0.003,< 0.003,< 0.004,< 0.004,< 0.003
MO6010716_TP50065_2024-03-08_SE1,< 0.003,< 0.003,< 0.003,< 0.004,< 0.004,< 0.003
MO6010716_TP50066_2024-03-07_SE1,< 0.003,< 0.003,< 0.003,< 0.004,< 0.004,< 0.003
MO6010716_TP50339_2024-03-07_SE1,< 0.003,< 0.003,< 0.003,< 0.004,< 0.004,< 0.003
MO6010716_TP50342_2024-03-07_SE1,< 0.003,< 0.003,< 0.003,< 0.004,< 0.004,< 0.003
MO6010716_TP50411_2024-03-07_SE1,< 0.003,< 0.003,< 0.003,< 0.004,< 0.004,< 0.003
MO6010719_CC80410_2024-03-12_SE1,< 0.003,< 0.003,< 0.003,< 0.004,< 0.004,< 0.003
MO6010719_TP50025_2024-03-12_SE1,< 0.003,0.0041,< 0.003,0.0046,< 0.004,0.0052
MO6010775_TP14056_2024-02-06_SE1,< 0.003,< 0.003,< 0.003,< 0.004,< 0.004,< 0.003
MO6010775_TP14058_2024-02-06_SE1,< 0.003,< 0.003,< 0.003,< 0.004,< 0.004,< 0.003
MO6010775_TP14281_2024-02-06_SE1,< 0.003,< 0.003,< 0.003,< 0.004,< 0.004,< 0.003
MO6010775_TP14290_2024-02-06_SE1,< 0.003,< 0.003,< 0.003,< 0.004,< 0.004,< 0.003
MO6010775_TP14317_2024-02-06_SE1,< 0.003,< 0.003,< 0.003,< 0.004,< 0.004,< 0.003
MO6010775_TP14377_2024-02-06_SE1,< 0.003,< 0.003,< 0.003,< 0.004,< 0.004,< 0.003
MO6010775_TP20070_2024-02-06_SE1,< 0.003,< 0.003,< 0.003,< 0.004,< 0.004,< 0.003
MO6010798_TP11779_2024-03-12_SE1,< 0.003,< 0.003,< 0.003,< 0.004,< 0.004,< 0.003
MO6010798_TP18052_2024-03-12_SE1,< 0.003,< 0.003,< 0.003,< 0.004,< 0.004,< 0.003
MO6010798_TP18906_2024-03-12_SE1,< 0.003,< 0.003,< 0.003,< 0.004,< 0.004,< 0.003
MO6010798_TP20160_2024-03-12_SE1,< 0.003,< 0.003,< 0.003,< 0.004,< 0.004,< 0.003
MO6010798_TP50157_2024-03-12_SE1,< 0.003,< 0.003,< 0.003,< 0.004,< 0.004,< 0.003
MO6010801_TP12742_2024-06-03_SE1,< 0.003,< 0.003,< 0.003,< 0.004,< 0.004,< 0.003
MO6010801_TP18827_2024-06-03_SE1,< 0.003,< 0.003,< 0.003,< 0.004,< 0.004,< 0.003
MO6010801_WL14312_2024-06-03_SE1,< 0.003,< 0.003,< 0.003,< 0.004,< 0.004,< 0.003
MO6010801_WL14360_2024-06-03_SE1,< 0.003,< 0.003,< 0.003,< 0.004,< 0.004,< 0.003
MO6010801_WL14369_2024-06-03_SE1,< 0.003,< 0.003,< 0.003,< 0.004,< 0.004,< 0.003
MO6010801_WL18410_2024-06-03_SE1,< 0.003,< 0.003,< 0.003,< 0.004,< 0.004,< 0.003
MO6010834_TP13278_2023-03-13_SE1,< 0.003,< 0.003,< 0.003,< 0.004,< 0.004,< 0.003
MO6010834_TP13612_2023-03-13_SE1,< 0.003,< 0.003,< 0.003,< 0.004,< 0.004,< 0.003
MO6010834_TP13623_2023-03-13_SE1,< 0.003,< 0.003,< 0.003,< 0.004,< 0.004,< 0.003
MO6010834_TP13662_2023-03-13_SE1,< 0.003,< 0.003,< 0.003,< 0.004,< 0.004,< 0.003
MO6010834_TP20153_2023-03-13_SE1,< 0.003,< 0.003,< 0.003,< 0.004,< 0.004,< 0.003
MO6010838_CC80818_2024-06-04_SE1,< 0.003,< 0.003,< 0.003,< 0.004,< 0.004,< 0.003
MO6010838_TP14274_2024-06-03_SE1,< 0.003,< 0.003,< 0.003,< 0.004,< 0.004,< 0.003
MO6010838_TP14282_2024-06-03_SE1,< 0.003,< 0.003,< 0.003,< 0.004,< 0.004,< 0.003
MO6010838_TP14324_2024-06-03_SE1,< 0.003,< 0.003,< 0.003,< 0.004,< 0.004,< 0.003
MO6010838_TP14326_2024-06-03_SE1,< 0.003,< 0.003,< 0.003,< 0.004,< 0.004,< 0.003
MO6010838_TP14363_2024-06-03_SE1,< 0.003,< 0.003,< 0.003,< 0.004,< 0.004,< 0.003
MO6010838_TP14375_2024-06-03_SE1,< 0.003,< 0.003,< 0.003,< 0.004,< 0.004,< 0.003
MO6010838_TP14415_2024-06-03_SE1,< 0.003,< 0.003,< 0.003,< 0.004,< 0.004,< 0.003
MO6010838_TP16640_2024-06-03_SE1,< 0.003,< 0.003,< 0.003,< 0.004,< 0.004,< 0.003
MO6010838_TP16641_2024-06-03_SE1,< 0.003,< 0.003,< 0.003,< 0.004,< 0.004,< 0.003
MO6010849_CC80403_2024-03-11_SE1,< 0.003,< 0.003,< 0.003,< 0.004,< 0.004,< 0.003
MO6010849_TP19965_2024-03-11_SE1,< 0.003,< 0.003,< 0.003,< 0.004,< 0.004,< 0.003
MO6010849_WL10153_2024-03-11_SE1,< 0.003,< 0.003,< 0.003,< 0.004,< 0.004,< 0.003
MO6010874_TP13269_2025-01-29_SE1,< 0.003,< 0.003,< 0.003,< 0.004,< 0.004,< 0.003
MO6010874_TP17992_2025-01-29_SE1,< 0.003,< 0.003,< 0.003,< 0.004,< 0.004,< 0.003
MO6024211_TP14325_2025-02-26_SE1,< 0.003,< 0.003,< 0.003,< 0.004,< 0.004,< 0.003
MO6024211_TP14328_2025-02-26_SE1,< 0.003,< 0.003,< 0.003,< 0.004,< 0.004,< 0.003
MO6024211_TP14372_2025-02-26_SE1,< 0.003,< 0.003,< 0.003,< 0.004,< 0.004,< 0.003
MO6024211_TP18664_2025-02-26_SE1,< 0.003,< 0.003,< 0.003,< 0.004,< 0.004,< 0.003
MO6024213_TP10196_2024-04-09_SE1,< 0.003,< 0.003,< 0.003,< 0.004,< 0.004,< 0.003
MO6024213_TP13135_2024-04-09_SE1,< 0.003,< 0.003,< 0.003,< 0.004,< 0.004,< 0.003
MO6024213_TP14043_2024-04-08_SE1,< 0.003,< 0.003,< 0.003,< 0.004,< 0.004,< 0.003
MO6024213_TP14347_2024-04-08_SE1,< 0.003,< 0.003,< 0.003,< 0.004,< 0.004,< 0.003
MO6024213_TP14365_2024-04-08_SE1,< 0.003,< 0.003,< 0.003,< 0.004,< 0.004,< 0.003
MO6024292_CC80418_2024-03-13_SE1,< 0.003,< 0.003,< 0.003,< 0.004,< 0.004,< 0.003
MO6024293_TP19086_2024-03-20_SE1,< 0.003,< 0.003,< 0.003,< 0.004,< 0.004,< 0.003
MO6024293_TP50019_2024-03-20_SE1,< 0.003,< 0.003,< 0.003,< 0.004,< 0.004,< 0.003
MO6024294_CC80419_2024-03-19_SE1,< 0.003,< 0.003,< 0.003,< 0.004,< 0.004,< 0.003
MO6024295_CC80499_2024-03-12_SE1,< 0.003,< 0.003,< 0.003,< 0.004,< 0.004,< 0.003
MO6024296_TP10308_2024-02-13_SE1,< 0.003,< 0.003,< 0.003,< 0.004,< 0.004,< 0.003
MO6024296_TP10310_2024-02-13_SE1,< 0.003,< 0.003,< 0.003,< 0.004,< 0.004,< 0.003
MO6024296_TP11780_2024-02-13_SE1,< 0.003,< 0.003,< 0.003,< 0.004,< 0.004,< 0.003
MO6024296_TP11781_2024-02-13_SE1,< 0.003,< 0.003,< 0.003,< 0.004,< 0.004,< 0.003
MO6024296_TP18583_2024-02-13_SE1,< 0.003,< 0.003,< 0.003,< 0.004,< 0.004,< 0.003
MO6024298_TP10215_2023-06-12_SE1,< 0.003,< 0.003,< 0.003,< 0.004,< 0.004,0.0039
MO6024298_TP12281_2023-06-12_SE1,< 0.003,< 0.003,< 0.003,< 0.004,< 0.004,< 0.003
MO6024298_TP18107_2023-06-12_SE1,< 0.003,< 0.003,< 0.003,< 0.004,< 0.004,< 0.003
MO6024298_TP18370_2023-06-12_SE1,< 0.003,< 0.003,< 0.003,< 0.004,< 0.004,< 0.003
MO6024298_TP20169_2023-06-12_SE1,< 0.003,< 0.003,< 0.003,< 0.004,< 0.004,< 0.003
MO6024299_TP10269_2023-02-07_SE1,< 0.003,< 0.003,< 0.003,< 0.004,< 0.004,< 0.003
MO6024299_TP12226_2023-02-07_SE1,< 0.003,< 0.003,< 0.003,< 0.004,< 0.004,< 0.003
MO6024299_TP14878_2023-02-07_SE1,< 0.003,< 0.003,< 0.003,< 0.004,< 0.004,< 0.003
MO6024299_TP14879_2023-02-07_SE1,< 0.003,< 0.003,< 0.003,< 0.004,< 0.004,< 0.003
MO6024299_TP17481_2023-02-07_SE1,< 0.003,< 0.003,< 0.003,< 0.004,< 0.004,< 0.003
MO6024300_TP10240_2024-06-11_SE1,< 0.003,< 0.003,< 0.003,< 0.004,< 0.004,< 0.003
MO6024300_TP10243_2024-06-11_SE1,< 0.003,< 0.003,< 0.003,< 0.004,< 0.004,< 0.003
MO6024300_TP12237_2024-06-11_SE1,< 0.003,< 0.003,< 0.003,< 0.004,< 0.004,< 0.003
MO6024302_CC80420_2024-03-11_SE1,< 0.003,< 0.003,< 0.003,< 0.004,< 0.004,< 0.003
MO6024340_TP10121_2024-07-10_SE1,< 0.003,< 0.003,< 0.003,< 0.004,< 0.004,< 0.003
MO6024340_TP11841_2024-07-10_SE1,< 0.003,< 0.003,< 0.003,< 0.004,< 0.004,< 0.003
MO6024340_TP12706_2024-07-10_SE1,< 0.003,< 0.003,< 0.003,< 0.004,< 0.004,< 0.003
MO6024340_TP16983_2024-07-10_SE1,< 0.003,< 0.003,< 0.003,< 0.004,< 0.004,< 0.003
MO6024340_TP19949_2024-07-10_SE1,< 0.003,< 0.003,< 0.003,< 0.004,< 0.004,< 0.003
MO6024406_TP13565_2025-06-11_SE1,< 0.003,< 0.003,< 0.003,< 0.004,< 0.004,< 0.003
MO6024406_TP18202_2025-06-11_SE1,< 0.003,< 0.003,< 0.003,< 0.004,< 0.004,< 0.003
MO6024406_TP18914_2025-06-11_SE1,< 0.003,< 0.003,< 0.003,< 0.004,< 0.004,< 0.003
MO6024530_CC80469_2024-04-09_SE1,< 0.003,< 0.003,< 0.003,< 0.004,< 0.004,< 0.003
MO6024530_TP13290_2024-07-16_SE1,< 0.003,< 0.003,< 0.003,< 0.004,< 0.004,< 0.003
MO6024530_TP50384_2024-04-09_SE1,< 0.003,< 0.003,< 0.003,< 0.004,< 0.004,< 0.003
MO6031324_WL14583_2024-05-08_SE1,< 0.003,< 0.003,< 0.003,< 0.004,< 0.004,< 0.003
MO6048106_TP14042_2025-03-18_SE1,< 0.003,< 0.003,0.0073,< 0.004,0.0059,< 0.003
