wavelength_nm,absorbance_AU
400,0.0013
401,0.0046
402,0.0009
403,0.0022
404,-0.0021
405,-0.0018
406,0.0017
407,0.0028
408,0.0018
409,0.0012
410,0.0017
411,0.0001
412,-0.0004
413,-0.0019
414,0.0019
415,-0.0049
416,0.0013
417,-0.0008
418,0.0025
419,0.0022
420,0.0042
421,-0.0018
422,-0.0005
423,0.0048
424,0.0030
425,0.0046
426,-0.0012
427,0.0036
428,-0.0015
429,-0.0022
430,0.0045
431,0.0032
432,0.0059
433,0.0013
434,0.0065
435,0.0022
436,0.0058
437,0.0043
438,0.0048
439,0.0025
440,0.0060
441,0.0084
442,0.0075
443,0.0073
444,0.0092
445,0.0068
446,0.0098
447,0.0073
448,0.0125
449,0.0093
450,0.0118
451,0.0114
452,0.0118
453,0.0138
454,0.0125
455,0.0128
456,0.0151
457,0.0108
458,0.0124
459,0.0194
460,0.0179
461,0.0139
462,0.0117
463,0.0179
464,0.0185
465,0.0185
466,0.0196
467,0.0197
468,0.0195
469,0.0216
470,0.0240
471,0.0182
472,0.0225
473,0.0250
474,0.0245
475,0.0247
476,0.0234
477,0.0268
478,0.0249
479,0.0253
480,0.0266
481,0.0291
482,0.0274
483,0.0307
484,0.0279
485,0.0319
486,0.0289
487,0.0294
488,0.0264
489,0.0301
490,0.0317
491,0.0336
492,0.0281
493,0.0301
494,0.0303
495,0.0324
496,0.0284
497,0.0272
498,0.0290
499,0.0300
500,0.0303
501,0.0314
502,0.0288
503,0.0263
504,0.0267
505,0.0289
506,0.0287
507,0.0284
508,0.0269
509,0.0285
510,0.0284
511,0.0288
512,0.0282
513,0.0252
514,0.0264
515,0.0296
516,0.0278
517,0.0239
518,0.0271
519,0.0268
520,0.0247
521,0.0273
522,0.0238
523,0.0234
524,0.0234
525,0.0191
526,0.0240
527,0.0207
528,0.0183
529,0.0229
530,0.0173
531,0.0225
532,0.0185
533,0.0171
534,0.0174
535,0.0195
536,0.0159
537,0.0139
538,0.0201
539,0.0145
540,0.0191
541,0.0128
542,0.0188
543,0.0128
544,0.0147
545,0.0104
546,0.0150
547,0.0119
548,0.0122
549,0.0152
550,0.0112
551,0.0105
552,0.0108
553,0.0042
554,0.0105
555,0.0064
556,0.0100
557,0.0080
558,0.0080
559,0.0069
560,0.0069
561,0.0078
562,0.0094
563,0.0067
564,0.0070
565,0.0085
566,0.0046
567,0.0064
568,0.0020
569,0.0052
570,0.0058
571,0.0039
572,0.0041
573,0.0059
574,0.0021
575,0.0038
576,-0.0014
577,0.0006
578,0.0020
579,0.0009
580,0.0022
581,0.0037
582,0.0039
583,0.0001
584,0.0025
585,0.0031
586,0.0000
587,-0.0029
588,0.0028
589,0.0015
590,0.0034
591,0.0008
592,0.0018
593,-0.0008
594,-0.0012
595,0.0023
596,0.0019
597,-0.0006
598,0.0015
599,0.0039
600,0.0019
601,0.0041
602,-0.0010
603,0.0015
604,-0.0030
605,-0.0001
606,-0.0002
607,-0.0004
608,0.0011
609,0.0016
610,-0.0007
611,-0.0016
612,0.0003
613,-0.0023
614,0.0018
615,-0.0004
616,-0.0034
617,-0.0006
618,0.0019
619,-0.0014
620,0.0016
621,0.0008
622,0.0037
623,-0.0013
624,0.0013
625,0.0008
626,-0.0007
627,0.0033
628,-0.0009
629,-0.0025
630,-0.0017
631,-0.0019
632,-0.0025
633,-0.0032
634,-0.0004
635,-0.0025
636,0.0006
637,-0.0032
638,0.0014
639,0.0002
640,-0.0020
641,0.0020
642,-0.0003
643,-0.0008
644,-0.0010
645,0.0002
646,-0.0003
647,-0.0033
648,-0.0006
649,0.0020
650,-0.0003
651,-0.0014
652,0.0011
653,0.0018
654,-0.0024
655,0.0028
656,0.0014
657,-0.0010
658,-0.0013
659,0.0000
660,-0.0002
661,-0.0026
662,0.0017
663,0.0018
664,0.0005
665,-0.0001
666,0.0012
667,0.0008
668,-0.0007
669,-0.0001
670,0.0032
671,-0.0007
672,-0.0030
673,-0.0019
674,-0.0025
675,0.0015
676,0.0027
677,0.0023
678,0.0007
679,-0.0020
680,-0.0055
681,-0.0001
682,0.0020
683,0.0020
684,0.0002
685,0.0009
686,0.0005
687,0.0001
688,0.0007
689,0.0002
690,-0.0020
691,-0.0001
692,-0.0022
693,-0.0004
694,0.0007
695,0.0041
696,-0.0008
697,0.0037
698,0.0004
699,-0.0007
700,0.0004
